CamId,Street_Name,Latitude,Longitude,Coef,Last_Update,Risk_Level
59d3524f02eb490011a0a61b,Trần Quang Khải - Trần Khắc Chân,10.7918902432446,106.691054105759,0.31,2026-01-12 23:19,Medium
5a6065c58576340017d06615,Tô Ngọc Vân - TX25,10.8797100979598,106.677986383438,0.263,2026-01-12 23:19,Low
6623f4df6f998a001b2528eb,Quốc Lộ 13 - cầu Ông Dầu,10.8361932799182,106.713809967041,0.342,2026-01-12 23:19,Medium
662b7ce71afb9c00172dc676,Cách Mạng Tháng Tám - Bùi Thị Xuân,10.7726452614037,106.691064834595,0.347,2026-01-12 23:19,Medium
583f969161cfea0012cf68f7,Nguyễn Thị Định - Đường D,10.7646823693643,106.781423091888,0.259,2026-01-12 23:19,Low
59ca317602eb490011a0a408,QL1 - Tỉnh lộ 10 B (2),10.7492355507977,106.593974232674,0.314,2026-01-12 23:19,Medium
6623e8da6f998a001b2524a6,Phan Đăng Lưu - Thích Quảng Đức,10.8032933150268,106.684530973434,0.288,2026-01-12 23:19,Low
56de42f611f398ec0c481299,Võ Văn Kiệt - An Dương Vương 2,10.7265671915496,106.620351076126,0.321,2026-01-12 23:19,Medium
66b1c426779f74001867415e,Điện Biên Phủ - Nguyễn Gia Trí,10.8010801833774,106.715161800385,0.644,2026-01-12 23:19,High
595dc29c3dcfc400106f2894,Lũy Bán Bích - Thoại Ngọc Hầu,10.8610818827294,106.686397790909,0.326,2026-01-12 23:19,Medium
5d9de4de766c880017188cbb,Cao tốc LTDG - Võ Chí Công,10.796827763223,106.790762543678,0.251,2026-01-12 23:19,Low
6623f44f6f998a001b2528aa,Võ Nguyên Giáp - Đỗ Xuân Hợp (1),10.8349709243101,106.765716075897,0.378,2026-01-12 23:19,Medium
662a881a1afb9c00172d2559,Kinh Dương Vương - Tên Lửa,10.7380517925754,106.61497592926,0.585,2026-01-12 23:19,Medium
5a605f828576340017d06608,Mai Bá Hương - Kênh 4,10.8243119827038,106.686521172523,0.303,2026-01-12 23:19,Medium
68188fe36dfb4b0018f90520,Nguyễn Chí Thanh - Thuận Kiều,10.7536098581137,106.575021743774,0.307,2026-01-12 23:19,Medium
5deb576d1dc17d7c5515ad15,Lý Tự Trọng - Chu Mạnh Trinh,10.781944,106.704602,0.276,2026-01-12 23:19,Low
5b8b2323ca057700116405d0,Trường Sơn - Ga Quốc Nội 2,10.8129465937096,106.664902567863,0.26,2026-01-12 23:19,Low
68188a226dfb4b0018f8f70a,Trần Đại Nghĩa - Võ Trần Chí,10.7304200365785,106.577017307281,0.26,2026-01-12 23:19,Low
681889a96dfb4b0018f8f67e,Trần Văn Giàu - cầu Tân Tạo,10.7590644777735,106.571368575096,0.297,2026-01-12 23:19,Low
63ae7a50bfd3d90017e8f2b2,Ba Tháng Hai – Sư Vạn Hạnh,10.7697784337206,106.670830249786,0.273,2026-01-12 23:19,Low
587ee0ecb807da0011e33d50,Phan Đăng Lưu - Lê Văn Duyệt,10.8019970541825,106.696482896805,0.325,2026-01-12 23:19,Medium
56de42f611f398ec0c48128f,Võ Văn Kiệt - Huỳnh Mẫn Đạt,10.751960277381,106.677197813988,0.309,2026-01-12 23:19,Medium
56de42f611f398ec0c4812a2,Nút giao Mỹ Thủy 2,10.7701157,106.7755866,0.261,2026-01-12 23:19,Low
6922934b44912200174bc7ec,Quốc Lộ 51 - Nguyễn Huệ,10.5777657286059,107.055587768555,0.342,2026-01-12 23:19,Medium
63bd1f21bfd3d90017ec3d04,Huỳnh Tấn Phát - Phạm Hữu Lầu,10.7052043577961,106.737660169601,0.3,2026-01-12 23:19,Low
58df4d95dc195800111e04b9,Phổ Quang - Hoàng Minh Giám,10.8079619154301,106.672879457474,0.28,2026-01-12 23:19,Low
586e28a0f9fab7001111b0b3,Quốc lộ 1 - KCX Linh Trung 1,10.872081942303,106.768741607666,0.264,2026-01-12 23:19,Low
595dd8463dcfc400106f28b2,Lê Văn Sỹ - Huỳnh Văn Bánh,10.8619248135124,106.654415130615,0.339,2026-01-12 23:19,Medium
662b81721afb9c00172dcc44,Đinh Tiên Hoàng - Trần Quang Khải,10.7927439077816,106.696075201035,0.268,2026-01-12 23:19,Low
67e217c43215f90017863bc8,Nguyễn Thị Định - Đường C (20-1),10.7659102810674,106.77956700325,0.278,2026-01-12 23:19,Low
66b1c3c2779f740018674125,Vòng xoay Mũi Tàu Phú Lâm,10.7459416028391,106.624095439911,0.391,2026-01-12 23:19,Medium
5a8269c45058170011f6eae4,Nguyễn Văn Quỳ - Cầu Phú Mỹ,10.7409610852775,106.7367374897,0.397,2026-01-12 23:19,Medium
56de42f611f398ec0c481297,Võ Văn Kiệt - Nguyễn Tri Phương 2,10.7503686605855,106.670079231262,0.427,2026-01-12 23:19,Medium
5822adbbedeb6c0012a2d65f,Võ Văn Kiệt - Cầu Chữ Y 1,10.7519444666594,106.68367266655,0.326,2026-01-12 23:19,Medium
5deb576d1dc17d7c5515ad00,Nguyễn Thị Minh Khai - Bà Huyện Thanh Quan,10.7866311946675,106.693720221519,0.25,2026-01-12 23:19,Low
5a823e425058170011f6eaa4,Đinh Tiên Hoàng - Võ Thị Sáu 1,10.7917743133057,106.695774793625,0.339,2026-01-12 23:19,Medium
649da72ca6068200171a6dbb,Tôn Đức Thắng - Hàm Nghi,10.7710748334425,106.70635342598,0.342,2026-01-12 23:19,Medium
5a6088218576340017d06693,QL1 - Nút giao An Lạc 2,10.7235049089888,106.601693630219,0.306,2026-01-12 23:19,Medium
63b65fd8bfd3d90017eaa461,Lê Văn Duyệt - Vũ Huy Tấn,10.7956526724414,106.696085929871,0.267,2026-01-12 23:19,Low
5deb576d1dc17d7c5515ad08,Cộng Hòa - Tân Kỳ Tân Quý,10.8041364085074,106.637651324272,0.272,2026-01-12 23:19,Low
595dc70d3dcfc400106f289a,Điện Biên Phủ - Nguyễn Văn Thương 2,10.8615244216871,106.679971218109,0.305,2026-01-12 23:19,Medium
63b65ebebfd3d90017eaa3ae,Nguyễn Hữu Cảnh - Ngô Tất Tố 2 (Dạ cầu Thủ Thiêm 1),10.7891447995017,106.71642780304,0.303,2026-01-12 23:19,Medium
5874769eb807da0011e33cec,Cộng Hòa - Út Tịch 2,10.8001053464053,106.657757163048,0.329,2026-01-12 23:19,Medium
63b660f8bfd3d90017eaa4ea,Cầu Tân Thuận 2 - Q7 (Q7-Q4),10.7526506780822,106.723862886429,0.404,2026-01-12 23:19,Medium
58af994abd82540010390c37,Nguyễn Hữu Cảnh - Tôn Đức Thắng,10.7826315159924,106.706235408783,0.315,2026-01-12 23:19,Medium
56df8108c062921100c143db,Hoàng Minh Giám - Hồng Hà,10.8090315732439,106.674022078514,0.266,2026-01-12 23:19,Low
63ae7903bfd3d90017e8f211,Hậu Giang -  Hẻm 491,10.7483923035435,106.636669635773,0.634,2026-01-12 23:19,High
63ae7727bfd3d90017e8f14a,Hoàng Diệu - Đoàn Văn Bơ 2,10.7635071530486,106.703719496727,0.329,2026-01-12 23:19,Medium
6623f36e6f998a001b252878,Phạm Văn Đồng - Kha Vạn Cân 2,10.8663923069317,106.762282848358,0.323,2026-01-12 23:19,Medium
5d9ddec9766c880017188c9c,Nút giao Hàng Xanh 5 (Hàng Xanh - Bạch Đằng),10.8021551350728,106.711503267288,0.51,2026-01-12 23:19,Medium
5deb576d1dc17d7c5515ad02,Điện Biên Phủ - Pasteur,10.7843441648872,106.691552996635,0.347,2026-01-12 23:19,Medium
681885ff6dfb4b0018f8f1ee,Trần Đại Nghĩa - Kênh A,10.7541368788109,106.519575119019,0.331,2026-01-12 23:19,Medium
63ae79aabfd3d90017e8f26a,Cách Mạng Tháng Tám - Trường Sơn,10.7858618271433,106.6664904356,0.274,2026-01-12 23:19,Low
5d8cd7fb766c880017188954,Phạm Văn Đồng - Đường 20 (hướng đi Sân bay),10.8291383225836,106.722366213799,0.259,2026-01-12 23:19,Low
56de42f611f398ec0c481293,Võ Văn Kiệt - Hải Thượng Lãn Ông 1,10.7499786604875,106.663234233856,0.483,2026-01-12 23:19,Medium
63b66089bfd3d90017eaa4bd,Nơ Trang Long - Chu Văn An,10.8114079914905,106.695753335953,0.326,2026-01-12 23:19,Medium
63ae798abfd3d90017e8f255,Cách Mạng Tháng Tám - Bắc Hải,10.7869104851311,106.664623618126,0.255,2026-01-12 23:19,Low
662a89f51afb9c00172d26ef,Nguyễn Văn Linh - Trịnh Quang Nghị 2,10.7024001433989,106.634652614593,0.323,2026-01-12 23:19,Medium
6318287ec9eae60017a19f36,Nguyễn Thị Minh Khai - Đinh Tiên Hoàng 2,10.7865626894198,106.701729297638,0.284,2026-01-12 23:19,Low
6792f3058c5ed4001b27f58e,Trần Văn Giàu - Cầu Đôi,10.7937661942221,106.505670547485,0.33,2026-01-12 23:19,Medium
587476e3b807da0011e33cee,Cộng Hòa - Út Tịch 1,10.8010380283306,106.657853722572,0.338,2026-01-12 23:19,Medium
597bf277faa7ea0011c7c29f,Cầu Phú Hữu 2,10.8208924000834,106.792302131653,0.304,2026-01-12 23:19,Medium
5d9de49d766c880017188cb9,Cao tốc LTDG - Đỗ Xuân Hợp 2,10.7961796195486,106.778848171234,0.35,2026-01-12 23:19,Medium
5d9ddf49766c880017188ca0,Nút giao Hàng Xanh 7 (Hàng Xanh - Cầu Văn Thánh),10.8012277259948,106.712324023247,0.538,2026-01-12 23:19,Medium
63ae763bbfd3d90017e8f0c4,Lý Thái Tổ - Nguyễn Đình Chiểu,10.7662581006404,106.678780317307,0.346,2026-01-12 23:19,Medium
5d8cda6a766c880017188960,Phạm Văn Đồng - Kha Vạn Cân (hướng đi Sân bay),10.8411932946322,106.743823885918,0.266,2026-01-12 23:19,Low
662b80e81afb9c00172dcbec,Cách Mạng Tháng Tám - Sương Nguyệt Anh,10.7730352321784,106.690050959587,0.347,2026-01-12 23:19,Medium
681826506dfb4b0018f83e64,Nút giao Nguyễn Thái Sơn 3 (Phạm Văn Đồng),10.7767346595405,106.511378288269,0.349,2026-01-12 23:19,Medium
662a86a11afb9c00172d2410,Tùng Thiện Vương - Cao Xuân Dục,10.7456043005395,106.65856719017,0.369,2026-01-12 23:19,Medium
5a6083198576340017d0667a,QL1 - Tân Kỳ Tân Quý 1,10.7900142805592,106.595411896706,0.262,2026-01-12 23:19,Low
56de42f611f398ec0c48128b,Võ Văn Kiệt - Nguyễn Văn Cừ 1,10.7543213358374,106.68691277504,0.305,2026-01-12 23:19,Medium
58e49ff8d9d6200011e0b9d4,Nam Kỳ Khởi Nghĩa - Trần Quốc Toản,10.7863150164711,106.687223911285,0.302,2026-01-12 23:19,Medium
6922924644912200174bc737,Quốc Lộ 51 - Mỹ Xuân - Ngãi Giao 2,10.622985857355,107.055587768555,0.293,2026-01-12 23:19,Low
681885a26dfb4b0018f8f176,Lê Đình Chi - Kênh 4,10.766405660338,106.524939537048,0.252,2026-01-12 23:19,Low
5a8241105058170011f6eaa6,Đinh Tiên Hoàng - Võ Thị Sáu 2,10.7919218604929,106.695785522461,0.299,2026-01-12 23:19,Low
65e054fb6b18080018db6632,Lê Duẩn - Mạc Đĩnh Chi,10.7832164525575,106.701187491417,0.315,2026-01-12 23:19,Medium
5a825ded5058170011f6ead7,Quốc lộ 50 - Cầu Ông Thìn (2),10.6484508725221,106.655831336975,0.333,2026-01-12 23:19,Medium
5d8cdb0a766c880017188964,Trường Chinh - Xuân Hồng,10.7937134991298,106.651657819748,0.255,2026-01-12 23:19,Low
68188bb96dfb4b0018f8fdbf,Vĩnh Lộc - Trần Hải Phụng,10.7860515343869,106.55412197113,0.319,2026-01-12 23:19,Medium
56df833ac062921100c143e1,QL1 - Trạm thu phí AS-AL 2,10.7403707962704,106.701048016548,0.313,2026-01-12 23:19,Medium
6792efe48c5ed4001b27f336,Xa Lộ Hà Nội - Cổng ĐH An ninh,10.8735359428243,106.808030605316,0.33,2026-01-12 23:19,Medium
63b5503bbfd3d90017ea7ccc,Nút giao Mỹ Thủy (7),10.7697468141455,106.775082349777,0.279,2026-01-12 23:19,Low
662a873b1afb9c00172d2483,Võ Trần Chí - Trần Văn Giàu 1,10.7489509551128,106.581823825836,0.263,2026-01-12 23:19,Low
66b1c3fa779f740018674146,Nguyễn Hữu Cảnh - Ung Văn Khiêm,10.7991305062692,106.723707318306,0.627,2026-01-12 23:19,High
5ad0621c98d8fc001102e268,Lý Tự Trọng - Hai Bà Trưng 2,10.779137682017,106.702335476875,0.344,2026-01-12 23:19,Medium
66b1c34d779f74001867409e,Ba Tháng Hai - Thành Thái,10.768197450899,106.666828393936,0.354,2026-01-12 23:19,Medium
595f89323dcfc400106f28ee,Quốc lộ 1 - BQB Cầu vượt Quang Trung A (hướng An Sương),10.8532003648042,106.633172035217,0.263,2026-01-12 23:19,Low
56de42f611f398ec0c48128c,Võ Văn Kiệt - Nguyễn Văn Cừ 2,10.7536415,106.6864407,0.338,2026-01-12 23:19,Medium
662b558c1afb9c00172d8ed2,625 Quang Trung,10.8351289878163,106.663491725922,0.457,2026-01-12 23:19,Medium
6623f4836f998a001b2528bf,Võ Nguyên Giáp - Đỗ Xuân Hợp (2),10.8354978023394,106.765801906586,0.46,2026-01-12 23:19,Medium
662b85bf1afb9c00172dd149,Nam Kỳ Khởi Nghĩa - Hàm Nghi,10.7709694352995,106.701128482819,0.334,2026-01-12 23:19,Medium
595d98fc3dcfc400106f287b,Hồng Bàng - Phù Đổng Thiên Vương,10.8589376668263,106.711578369141,0.66,2026-01-12 23:19,High
6818887f6dfb4b0018f8f54c,Trần Văn Giàu - Võ Văn Vân,10.7629906888237,106.567468643188,0.322,2026-01-12 23:19,Medium
63b54bcdbfd3d90017ea7a82,Tỉnh lộ 43 - KCX Linh Trung 2,10.8960825794088,106.718090772629,0.303,2026-01-12 23:19,Medium
68eddd0a230ee50017d040b2,Mỹ Phước Tân Vạn - Phạm Ngọc Thạch (2),11.00805287907,106.669006347656,0.262,2026-01-12 23:19,Low
68a587d54e89b100173b6021,Tỉnh Lộ 8 - Tỉnh Lộ 15 (1),10.9836400150392,106.576770544052,0.251,2026-01-12 23:19,Low
5b5995a3fd4edb0019c7d9ab,Võ Văn Kiệt - Cầu Chà Và 2 (trên cầu),10.7489404145267,106.660348176956,0.454,2026-01-12 23:19,Medium
692291f044912200174bc703,Quốc Lộ 51 - Đường B1 - Đường N2-2,10.6341211316771,107.048034667969,0.334,2026-01-12 23:19,Medium
662b81a31afb9c00172dcc65,Nguyễn Thị Minh Khai - Đinh Tiên Hoàng 1,10.7805394362678,106.693907976151,0.323,2026-01-12 23:19,Medium
5deb576d1dc17d7c5515acf6,Nút giao Ngã sáu Cộng Hòa,10.765389,106.681205,0.293,2026-01-12 23:19,Low
58746488b807da0011e33cd7,Cầu vượt Sóng Thần 2,10.8743050851613,106.748507022858,0.318,2026-01-12 23:19,Medium
662b83381afb9c00172dcf88,Hai Bà Trưng - Nguyễn Đình Chiểu,10.7846919631639,106.695957183838,0.328,2026-01-12 23:19,Medium
5822b5ededeb6c0012a2d66a,Mai Chí Thọ - Nguyễn Cơ Thạch 1,10.7732144077704,106.722586154938,0.298,2026-01-12 23:19,Low
63b660d8bfd3d90017eaa4d5,Cầu Tân Thuận 2 - Q7 (Q4-Q7),10.7527666230832,106.723691225052,0.471,2026-01-12 23:19,Medium
63ae7be0bfd3d90017e8f3a8,Ba Tháng Hai - Lê Đại Hành 1,10.7621527500863,106.657199263573,0.371,2026-01-12 23:19,Medium
63b54a04bfd3d90017ea783e,Lê Văn Việt - Hoàng Hữu Nam,10.8502078623705,106.813673973084,0.303,2026-01-12 23:19,Medium
63b54f70bfd3d90017ea7c86,Cầu Sài Gòn (10),10.7985614089434,106.726276874542,0.571,2026-01-12 23:19,Medium
5a8267fe5058170011f6eae1,Lê Văn Lương - Cầu Rạch Đĩa,10.7235786992945,106.697700619698,0.345,2026-01-12 23:19,Medium
595d984b3dcfc400106f2879,Quốc lộ 1 - ĐH Nông Lâm 2,10.8589534719139,106.711691021919,0.614,2026-01-12 23:19,High
5b25a268f13cba001124e713,11B Nguyễn Bỉnh Khiêm,10.7747057769436,106.699481606483,0.261,2026-01-12 23:19,Low
63ae768dbfd3d90017e8f0f1,Khánh Hội - Vĩnh Hội,10.7560025246799,106.701278686523,0.306,2026-01-12 23:19,Medium
6818884f6dfb4b0018f8f50f,Trần Đại Nghĩa - Kênh C,10.7344045962095,106.559443473816,0.303,2026-01-12 23:19,Medium
662a89ae1afb9c00172d26ad,Nguyễn Văn Linh - Trịnh Quang Nghị,10.7028218314316,106.633536815643,0.32,2026-01-12 23:19,Medium
63b54a70bfd3d90017ea7862,Lã Xuân Oai - Đường D2,10.830049838744,106.804490089417,0.349,2026-01-12 23:19,Medium
58e49783d9d6200011e0b9ce,Trường Chinh - Phan Văn Hớn 2 (HM-Q12),10.8274733494884,106.624760627747,0.285,2026-01-12 23:19,Low
5deb576d1dc17d7c5515ad0c,Nút giao Ngã sáu Phù Đổng 1,10.771135,106.693342,0.273,2026-01-12 23:19,Low
6623ef776f998a001b252768,Quốc Lộ 22 - Nguyễn Thị Sóc,10.8616719345273,106.602745056152,0.304,2026-01-12 23:19,Medium
58d7bbf2c1e33c00112b3216,Quốc lộ 1 - Đinh Đức Thiện 2,10.6656266937569,106.570794582367,0.254,2026-01-12 23:19,Low
662b51d21afb9c00172d89bf,Tên Lửa - Đường số 7,10.7521974381054,106.610255241394,0.343,2026-01-12 23:19,Medium
58746295b807da0011e33ccb,Quốc lộ 1 - Bình Đường,10.8752217316573,106.758962273598,0.289,2026-01-12 23:19,Low
585b2baec3f96200127dc508,Nguyễn Văn Linh - Huỳnh Tấn Phát 2,10.7525452734972,106.728331446648,0.297,2026-01-12 23:19,Low
5a606cd08576340017d06628,BX Miền Đông - Đinh Bộ Lĩnh 2,10.8144114199963,106.71005487442,0.59,2026-01-12 23:19,Medium
662b80051afb9c00172dcaf6,Nguyễn Trãi - Nguyễn Cư Trinh,10.7625269242757,106.686580181122,0.29,2026-01-12 23:19,Low
5d8cd253766c88001718893a,Phan Đăng Lưu - Phan Xích Long,10.7576520833075,106.669279932976,0.533,2026-01-12 23:19,Medium
662b5bc31afb9c00172d92e2,Lê Trọng Tấn - Đường Kênh 19/5,10.8093424582973,106.615083217621,0.346,2026-01-12 23:19,Medium
662b58401afb9c00172d90f5,Hoàng Văn Thụ - Bùi Thị Xuân,10.8006480938667,106.661823391914,0.267,2026-01-12 23:19,Low
5874644cb807da0011e33cd5,Cầu vượt Sóng Thần 1,10.8758064874328,106.750985383987,0.321,2026-01-12 23:19,Medium
662b867b1afb9c00172dd250,Trần Hưng Đạo - Ký Con,10.7692988698081,106.696676015854,0.278,2026-01-12 23:19,Low
597bf0b8faa7ea0011c7c293,Cầu Phú Hữu 1,10.8163926125139,106.791679859161,0.277,2026-01-12 23:19,Low
5a10c79f02eb490011a0b0dd,Mai Chí Thọ - Tố Hữu (C6),10.7713172490313,106.716717481613,0.35,2026-01-12 23:19,Medium
68188af96dfb4b0018f8f8e4,Võ Trần Chí - Kênh 10 (1),10.7087675702381,106.572275161743,0.333,2026-01-12 23:19,Medium
662b83ff1afb9c00172dcffb,Lê Duẩn - Phạm Ngọc Thạch,10.7805078178228,106.698188781738,0.271,2026-01-12 23:19,Low
5deb576d1dc17d7c5515ad19,Nguyễn Thị Minh Khai - Mạc Đĩnh Chi,10.784426,106.699659,0.307,2026-01-12 23:19,Medium
5b6329fdfd4edb0019c7dc0b,Nguyễn Trãi - Nguyễn Văn Cừ,10.7596494601112,106.684375405312,0.303,2026-01-12 23:19,Medium
589add0fb3bf7600110283ae,Tô Ký (Tỉnh lộ 15) - Đông Bắc,10.8556133114939,106.623339056969,0.346,2026-01-12 23:19,Medium
5deb576d1dc17d7c5515ad01,Võ Thị Sáu - Hai Bà Trưng,10.7878590168447,106.691815853119,0.264,2026-01-12 23:19,Low
58abbf72bd82540010390ba4,Cầu Sài Gòn 9 (Bình Thạnh - Thủ Đức),10.7985614089434,106.726319789886,0.589,2026-01-12 23:19,Medium
6623f1f16f998a001b25281f,Phạm Văn Đồng - Đào Trinh Nhất,10.865064709737,106.759042739868,0.272,2026-01-12 23:19,Low
58ad6961bd82540010390be5,Nút giao Phú Nhuận 1 (Phan Đình Phùng),10.7990461956223,106.680378913879,0.344,2026-01-12 23:19,Medium
59ca2fa302eb490011a0a3fd,Hoàng Hữu Nam - Đường D400,10.7877852422632,106.595111489296,0.345,2026-01-12 23:19,Medium
5a606dbc8576340017d0662b,Điện Biên Phủ - Nguyễn Hữu Cảnh,10.7978184191454,106.721127033234,0.612,2026-01-12 23:19,High
662b52a31afb9c00172d8b01,Lê Đức Thọ - Hẻm 688,10.846467192202,106.670604944229,0.415,2026-01-12 23:19,Medium
58abbee5bd82540010390ba2,Cầu Sài Gòn 5 (dạ cầu Thủ Đức),10.7991621227557,106.729398965836,0.489,2026-01-12 23:19,Medium
662a8ef41afb9c00172d2af2,Lê Văn Lương - Đường số 15,10.7449876687987,106.704325675964,0.485,2026-01-12 23:19,Medium
6623f5b56f998a001b25292f,Võ Nguyên Giáp - quay đầu An Phú (2),10.8022710610062,106.746608018875,0.673,2026-01-12 23:19,High
66b1c398779f7400186740e3,Ba Tháng Hai - Tạ Uyên,10.7601975506409,106.653256416321,0.312,2026-01-12 23:19,Medium
58d7b756c1e33c00112b320d,Nút giao Chợ Đệm 2 (CT Trung Lương - Bùi Thanh Khiết),10.6860698233787,106.57566010952,0.346,2026-01-12 23:19,Medium
6623e31e6f998a001b252250,Kỳ Đồng - Bà Huyện Thanh Quan,10.7816671586319,106.681677103043,0.324,2026-01-12 23:19,Medium
5deb576d1dc17d7c5515acfe,Lý Chính Thắng - Trương Định,10.7825155824841,106.683688759804,0.286,2026-01-12 23:19,Low
6792f3cf8c5ed4001b27f61e,Tỉnh Lộ 8 - Cầu Phú Cường,10.9771309811361,106.643643379211,0.253,2026-01-12 23:19,Low
58df4e22dc195800111e04bb,Yên Thế - Bạch Đằng,10.8141637700114,106.668593287468,0.254,2026-01-12 23:19,Low
58d7b3e8c1e33c00112b3207,Nam Kỳ Khởi Nghĩa - Lý Chính Thắng,10.6901498501196,106.595363616943,0.279,2026-01-12 23:19,Low
5d8cdc57766c88001718896e,Lý Thường Kiệt - Lạc Long Quân,10.7904463853615,106.652473211288,0.334,2026-01-12 23:19,Medium
66f1266f538c780017c93579,Hùng Vương - Nguyễn Chí Thanh,10.760766720521,106.67405962944,0.361,2026-01-12 23:19,Medium
5ad0679598d8fc001102e274,Lê Văn Việt - Man Thiện,10.8452343413582,106.786707043648,0.251,2026-01-12 23:19,Low
5a824b6c5058170011f6eaab,Âu Cơ - Thoại Ngọc Hầu,10.773841521503,106.621397137642,0.261,2026-01-12 23:19,Low
62da3e840637a10017d7073d,Quốc Lộ 13 - Đinh Thị Thi 3,10.8451078948305,106.71789765358,0.307,2026-01-12 23:19,Medium
56de42f611f398ec0c481288,Võ Văn Kiệt - Cầu Ông Lãnh 1,10.7637917349984,106.697652339935,0.269,2026-01-12 23:19,Low
5d8cd614766c88001718894a,Lê Quang Định - Nơ Trang Long,10.8081937627675,106.69519007206,0.298,2026-01-12 23:19,Low
5a824f975058170011f6eab8,Nguyễn Oanh - Phan Văn Trị (2),10.8310719980749,106.676913499832,0.345,2026-01-12 23:19,Medium
5a824c3e5058170011f6eaae,Nút giao Bốn Xã 1 (Bình Long),10.7738836803625,106.621649265289,0.278,2026-01-12 23:19,Low
5deb576d1dc17d7c5515acf9,Nút giao Công Trường Dân Chủ,10.777768,106.68202,0.336,2026-01-12 23:19,Medium
587470c2b807da0011e33ce4,Nguyễn Hữu Cảnh - Ngô Tất Tố (Cầu Thủ Thiêm 1),10.7892027649838,106.715097427368,0.355,2026-01-12 23:19,Medium
68188cbf6dfb4b0018f900e9,Võ Văn Vân - Liên Ấp 123,10.7939137404315,106.576459407806,0.261,2026-01-12 23:19,Low
67e217ea3215f90017863bf1,Nguyễn Thị Định - Đường C (20-2),10.7660631109292,106.779545545578,0.335,2026-01-12 23:19,Medium
68ede6d0230ee50017d04d4c,Đại lộ Bình Dương - ngã tư chợ Đình (1),10.9846089851621,106.66610956192,0.331,2026-01-12 23:19,Medium
584e734a61cfea0012cf694f,Quốc lộ 1 - Lê Trọng Tấn,10.8162345391232,106.60130739212,0.314,2026-01-12 23:19,Medium
662b7f251afb9c00172dc8bc,Nam Kỳ Khởi Nghĩa - Nguyễn Du,10.7767873576075,106.697995662689,0.338,2026-01-12 23:19,Medium
6623ec826f998a001b252686,Nguyễn Oanh - Lê Đức Thọ,10.8419361769392,106.676613092422,0.317,2026-01-12 23:19,Medium
5deb576d1dc17d7c5515ad23,Ba Tháng Hai - Lý Thường Kiệt,10.763649,106.659903,0.424,2026-01-12 23:19,Medium
6922939144912200174bc80c,Quốc Lộ 51 - đường vào cảng Cái Mép,10.563928386027,107.059192657471,0.277,2026-01-12 23:19,Low
595d9ba43dcfc400106f2880,Phạm Văn Đồng - Lê Quang Định 1,10.8591062543837,106.705430746078,0.601,2026-01-12 23:19,High
6818863c6dfb4b0018f8f235,Trần Đại Nghĩa - Mai Bá Hương,10.7650143803183,106.498975753784,0.331,2026-01-12 23:19,Medium
589ad89eb3bf7600110283ac,Tô Ký (Tỉnh lộ 15) - Hẻm 146,10.8486167661312,106.633611917496,0.295,2026-01-12 23:19,Low
662b5adc1afb9c00172d925b,Trường Chinh - Phan Huy Ích 1,10.8235795946401,106.629202365875,0.287,2026-01-12 23:19,Low
5701e22bc4350a1100e26f6c,Nguyễn Công Trứ - Calmette 1,10.7671171078657,106.699680089951,0.262,2026-01-12 23:19,Low
5b87c386ca057700116404a6,Đường hầm (Đầu hầm Tp Thủ Đức),10.7710432140034,106.715902090073,0.252,2026-01-12 23:19,Low
5d8cd542766c880017188948,Võ Văn Ngân - Đặng Văn Bi,10.8511456568495,106.757980585098,0.569,2026-01-12 23:19,Medium
6623e8406f998a001b252465,Phan Đăng Lưu - Hoàng Hoa Thám,10.8031773894881,106.692352294922,0.308,2026-01-12 23:19,Medium
5875cef0b807da0011e33d14,Võ Trần Chí - Thế Lữ 1,10.8134629721378,106.632796525955,0.324,2026-01-12 23:19,Medium
5a823d555058170011f6eaa2,Lý Tự Trọng - Hai Bà Trưng 1,10.7791113331904,106.702115535736,0.294,2026-01-12 23:19,Low
595da2853dcfc400106f2883,Hoàng Văn Thụ - Trần Quốc Hoàn,10.8601019727034,106.698827147484,0.364,2026-01-12 23:19,Medium
5b632950fd4edb0019c7dc07,Nguyễn Văn Cừ - Trần Hưng Đạo 3,10.7568773715932,106.684874296188,0.326,2026-01-12 23:19,Medium
5deb576d1dc17d7c5515ad06,Đinh Tiên Hoàng - Nguyễn Đình Chiểu,10.788566,106.699558,0.339,2026-01-12 23:19,Medium
662b54711afb9c00172d8d4f,90 Nguyễn Thái Sơn,10.8160870038835,106.680099964142,0.297,2026-01-12 23:19,Low
5a8279865058170011f6eaef,Nguyễn Văn Linh - Phạm Hùng 2,10.7275738904052,106.677889823914,0.413,2026-01-12 23:19,Medium
662b4faa1afb9c00172d875e,Tháp Mười - Phạm Đình Hổ,10.7497256871815,106.649479866028,0.323,2026-01-12 23:19,Medium
662a87641afb9c00172d24b0,Võ Trần Chí - Trần Văn Giàu 2,10.7492250102216,106.580879688263,0.278,2026-01-12 23:19,Low
56de42f611f398ec0c4812a1,Nút giao Mỹ Thủy 1,10.769926,106.7747069,0.267,2026-01-12 23:19,Low
63ae7669bfd3d90017e8f0d9,Khánh Hội - Cầu Kênh Tẻ,10.7528720275909,106.702179908752,0.339,2026-01-12 23:19,Medium
63b65e6abfd3d90017eaa361,Nguyễn Thị Định - Thân Văn Nhiếp,10.7903304548658,106.754236221313,0.39,2026-01-12 23:19,Medium
662a8fd41afb9c00172d2bac,Nguyễn Lương Bằng - Phạm Hữu Lầu,10.7045402040992,106.732370853424,0.308,2026-01-12 23:19,Medium
56f11afc3ac17b11001c504e,Trường Sơn - Phan Đình Giót,10.8048741133609,106.664215922356,0.324,2026-01-12 23:19,Medium
585b2b1ec3f96200127dc505,Nguyễn Văn Linh - Huỳnh Tấn Phát 1,10.7528825680397,106.728594303131,0.32,2026-01-12 23:19,Medium
5a825b7d5058170011f6ead4,Nguyễn Văn Linh - Nguyễn Hữu Thọ (3),10.7282010989927,106.700441837311,0.34,2026-01-12 23:19,Medium
5a6069238576340017d0661c,Bạch Đằng - Lê Quang Định,10.8026188385378,106.698435544968,0.36,2026-01-12 23:19,Medium
662b857b1afb9c00172dd106,Điện Biên Phủ - Nguyễn Bỉnh Khiêm,10.7920852162229,106.699739098549,0.275,2026-01-12 23:19,Low
56de42f611f398ec0c481298,Võ Văn Kiệt - An Dương Vương 1,10.7263616348268,106.61993265152,0.383,2026-01-12 23:19,Medium
63ae75f9bfd3d90017e8f097,Cao Thắng – Võ Văn Tần 2,10.769072262419,106.683275699615,0.347,2026-01-12 23:19,Medium
63ae7829bfd3d90017e8f1ac,Nguyễn Tất Thành - Cầu Tân Thuận 1,10.7564346782916,106.719351410866,0.425,2026-01-12 23:19,Medium
65e0556b6b18080018db665e,Nguyễn Thái Học - Phạm Ngũ Lão,10.7689774034613,106.694637537003,0.349,2026-01-12 23:19,Medium
662b81eb1afb9c00172dcc85,Nguyễn Thị Minh Khai - Nguyễn Bỉnh Khiêm 2,10.7882331590867,106.703939437866,0.331,2026-01-12 23:19,Medium
595dd9ac3dcfc400106f28b4,Xa lộ Hà Nội - Đường D1,10.8619827649163,106.653299331665,0.299,2026-01-12 23:19,Low
662a8cc51afb9c00172d2938,Huỳnh Tấn Phát - Phú Thuận,10.7307995207108,106.732006072998,0.82,2026-01-12 23:19,High
587654d3b807da0011e33d36,Võ Chí Công - Đường số 2,10.7625480044979,106.767582893372,0.347,2026-01-12 23:19,Medium
5990ffdbbec3b90016d2ad2d,Đường hầm (Đầu hầm Tp Thủ Đức),10.7705847317646,106.713402271271,0.259,2026-01-12 23:19,Low
5a8259035058170011f6eacf,Hưng Phú - Chánh Hưng 1,10.7291234621994,106.700549125671,0.331,2026-01-12 23:19,Medium
63b54cffbfd3d90017ea7ad0,Tỉnh lộ 43 - Chân cầu Gò Dưa,10.8730512767713,106.732392311096,0.26,2026-01-12 23:19,Low
589b4644b3bf7600110283ce,Hà Huy Giáp - Cầu Phú Long 1,10.892943009858,106.687889099121,0.272,2026-01-12 23:19,Low
5d8cd8e2766c880017188958,Phạm Văn Đồng - Hiệp Bình (hướng đi Sân bay),10.8374050930507,106.732848286629,0.295,2026-01-12 23:19,Low
63b54fe4bfd3d90017ea7ca2,Nguyễn Duy Trinh - Lã Xuân Oai,10.7681342114135,106.773290634155,0.292,2026-01-12 23:19,Low
6623ebd76f998a001b25264d,Quốc Lộ 1 - Tô Ký,10.8522309658882,106.626455783844,0.266,2026-01-12 23:19,Low
5a6086e88576340017d0668a,QL1-Cty Pouyuen (1),10.7485662234825,106.594237089157,0.33,2026-01-12 23:19,Medium
681888b66dfb4b0018f8f58c,VX Trần Văn Giàu - Tỉnh Lộ 10,10.7617627652255,106.5702688694,0.262,2026-01-12 23:19,Low
5b6c15b8ca0577001163fe39,Ung Văn Khiêm - Nguyễn Gia Trí (D2),10.7911261587324,106.718181967735,0.448,2026-01-12 23:19,Medium
5d8cd98d766c88001718895a,Phạm Văn Đồng - Tô Ngọc Vân (hướng đi Bình Dương),10.8533952979021,106.751462817192,0.289,2026-01-12 23:19,Low
6623ee666f998a001b252726,Quang Trung - Phan Huy Ích,10.8442965283387,106.640124320984,0.29,2026-01-12 23:19,Low
662b84c11afb9c00172dd0b5,Nguyễn Thị Minh Khai - Phạm Ngọc Thạch,10.7817830924671,106.696933507919,0.345,2026-01-12 23:19,Medium
662b51201afb9c00172d889a,Hương Lộ 2 - Mã Lò,10.7654465210122,106.60413980484,0.333,2026-01-12 23:19,Medium
56df8198c062921100c143dd,Nút giao Thủ Đức (Võ Văn Ngân),10.8492753334826,106.773784160614,0.512,2026-01-12 23:19,Medium
56de42f611f398ec0c481282,Mai Chí Thọ - Đồng Văn Cống 2,10.7876851195878,106.74994468689,0.386,2026-01-12 23:19,Medium
58df4c2bdc195800111e04b7,Quang Trung - Tân Sơn,10.8044525679523,106.660938262939,0.343,2026-01-12 23:19,Medium
6623ea416f998a001b25260a,Phan Đình Phùng - Nguyễn Trọng Tuyển,10.7971913554037,106.681151390076,0.315,2026-01-12 23:19,Medium
662b872d1afb9c00172dd36a,Lê Văn Sỹ - Trần Quang Diệu,10.7878115903301,106.677889823914,0.348,2026-01-12 23:19,Medium
6623e4b06f998a001b2522f1,Nguyễn Thị Minh Khai - Nguyễn Thượng Hiền,10.7703792050172,106.686387062073,0.284,2026-01-12 23:19,Low
56de42f611f398ec0c48127e,Mai Chí Thọ - Võ Nguyên Giáp (Cát Lái cầu B),10.8062546704304,106.754064559937,0.434,2026-01-12 23:19,Medium
595dd3a63dcfc400106f28a7,Trường Sơn - Ga Quốc Nội 1,10.8617667641718,106.671018004417,0.318,2026-01-12 23:19,Medium
68ede5d4230ee50017d04c24,Đại lộ Bình Dương - ngã 5 Phước Kiến (1),10.9929925503389,106.655187606812,0.311,2026-01-12 23:19,Medium
5a8266105058170011f6eadf,Nguyễn Văn Linh - Quốc lộ 50 (2),10.7190774577163,106.655761599541,0.32,2026-01-12 23:19,Medium
662b5afe1afb9c00172d9284,Trường Chinh - Phan Huy Ích 2,10.8227260178037,106.629813909531,0.314,2026-01-12 23:19,Medium
5a82602c5058170011f6ead9,Vĩnh Lộc - Nguyễn Thị Tú 1,10.8135788937036,106.579173803329,0.299,2026-01-12 23:19,Low
585b2980c3f96200127dc502,Huỳnh Tấn Phát - Lưu Trọng Lư 2,10.755127675229,106.727993488312,0.279,2026-01-12 23:19,Low
56de42f611f398ec0c481284,Nguyễn Thị Minh Khai - Nguyễn Thiện Thuật,10.7664899801327,106.682481765747,0.347,2026-01-12 23:19,Medium
662b56c51afb9c00172d9071,Bạch Đằng - Đặng Văn Sâm,10.8146485314923,106.671742200851,0.342,2026-01-12 23:19,Medium
63ae7a08bfd3d90017e8f285,Ba Tháng Hai - Lê Hồng Phong 1,10.7710959130666,106.673265695572,0.252,2026-01-12 23:19,Low
662a8b061afb9c00172d27d7,Nguyễn Văn Linh - đường số 1,10.7232729964823,106.660873889923,0.46,2026-01-12 23:19,Medium
587ee7d7b807da0011e33d55,Phan Đăng Lưu - Nơ Trang Long,10.8031879281753,106.694852113724,0.297,2026-01-12 23:19,Low
5deb576d1dc17d7c5515ad12,Nguyễn Thị Minh Khai - Hai Bà Trưng,10.7731,106.70004,0.307,2026-01-12 23:19,Medium
662b51a41afb9c00172d8926,Lê Văn Quới - Mã Lò,10.7763973916927,106.601006984711,0.277,2026-01-12 23:19,Low
63ae7893bfd3d90017e8f1e1,Nguyễn Tất Thành - Lê Văn Linh,10.7643450880206,106.707345843315,0.25,2026-01-12 23:19,Low
662a8b9e1afb9c00172d284d,đường dẫn cao tốc Thành Phố Hồ Chí Minh - Trung Lương - Tân Túc 1,10.6882837981823,106.585782766342,0.3,2026-01-12 23:19,Low
5a823ba75058170011f6ea9e,Trần Hưng Đạo - Nguyễn Thái Học 1,10.7682501504601,106.695769429207,0.261,2026-01-12 23:19,Low
681887346dfb4b0018f8f36a,Trần Văn Giàu - Lê Đình Chi,10.7803181070833,106.532835960388,0.345,2026-01-12 23:19,Medium
662b5a401afb9c00172d91fc,Trường Chinh - Nguyễn Hồng Đào,10.7980239271457,106.6437292099,0.336,2026-01-12 23:19,Medium
56df8544c062921100c143e6,Trường Sơn - Ga Quốc Tế,10.8136315853096,106.665363907814,0.325,2026-01-12 23:19,Medium
595ddb493dcfc400106f28b6,Võ Trần Chí - Thế Lữ 2,10.8620881310764,106.649731993675,0.285,2026-01-12 23:19,Low
66b1c1f2779f740018673f0d,An Dương Vương - Nguyễn Văn Cừ,10.7611040058688,106.683179140091,0.311,2026-01-12 23:19,Medium
589b4379b3bf7600110283c9,QL 22 - Giáp Hải,10.9713380309812,106.481675505638,0.281,2026-01-12 23:19,Low
5a60604f8576340017d0660b,Nguyễn Thái Sơn - Nguyễn Văn Nghi 2,10.8243172516762,106.686376333237,0.368,2026-01-12 23:19,Medium
5d8cd9cb766c88001718895c,Phạm Văn Đồng - Tô Ngọc Vân (hướng đi Sân bay),10.8536007677866,106.751317977905,0.373,2026-01-12 23:19,Medium
6623e6b86f998a001b2523b8,Lý Thái Tổ - Hồ Thị Kỷ,10.7669642785384,106.676344871521,0.292,2026-01-12 23:19,Low
5a8256315058170011f6eac9,Đinh Bộ Lĩnh - Nguyễn Xí,10.8133575888573,106.709566712379,0.634,2026-01-12 23:19,High
5ad064b498d8fc001102e26f,Lã Xuân Oai - Cầu Tăng Long (2),10.827699912827,106.805992126465,0.333,2026-01-12 23:19,Medium
58af8d68bd82540010390c2e,Nam Kỳ Khởi Nghĩa - Điện Biên Phủ 2,10.7833376554873,106.690700054169,0.273,2026-01-12 23:19,Low
65e0552f6b18080018db6647,Lê Lai - Phan Chu Trinh,10.7717072215258,106.697888374329,0.348,2026-01-12 23:19,Medium
595da7783dcfc400106f2888,Vòng xoay Phú Lâm (2),10.8607341730882,106.691998243332,0.323,2026-01-12 23:19,Medium
662a8e121afb9c00172d2a3f,Huỳnh Tấn Phát - cầu Tân Thuận 1,10.7554228054478,106.723868250847,0.384,2026-01-12 23:19,Medium
662b5be91afb9c00172d939b,Lê Trọng Tấn - Tây Thạnh,10.8082464553192,106.618773937225,0.291,2026-01-12 23:19,Low
5b728aafca0577001163ff7e,Hồng Bàng - Châu Văn Liêm,10.7548430851016,106.658910512924,0.499,2026-01-12 23:19,Medium
6818901a6dfb4b0018f9058a,Tỉnh Lộ 10 - cầu Tân Tạo,10.7601026888897,106.574045419693,0.333,2026-01-12 23:19,Medium
63ae7966bfd3d90017e8f240,Trần Hưng Đạo - Trần Phú,10.7828791919741,106.672096252441,0.268,2026-01-12 23:19,Low
5a607fa38576340017d06671,QL1-KCN Vĩnh Lộc (2) - Hướng An Lạc,10.8253815821995,106.603088378906,0.34,2026-01-12 23:19,Medium
662b87551afb9c00172dd43a,Trần Quốc Thảo - Kỳ Đồng,10.7848974801384,106.683104038239,0.286,2026-01-12 23:19,Low
5deb576d1dc17d7c5515ad21,Nút giao Ngã sáu Nguyễn Tri Phương,10.759539,106.668851,0.439,2026-01-12 23:19,Medium
68188bf46dfb4b0018f8ff12,Vĩnh Lộc - kênh Trung Ương,10.7908574113044,106.555495262146,0.348,2026-01-12 23:19,Medium
68a589a54e89b100173b6267,Tỉnh Lộ 8 - Sông Lu (1),10.9802907242505,106.610898971558,0.344,2026-01-12 23:19,Medium
56de42f611f398ec0c481289,Võ Văn Kiệt - Cầu Ông Lãnh 2,10.7639024056841,106.698285341263,0.332,2026-01-12 23:19,Medium
58ad69c4bd82540010390be7,Nút giao Phú Nhuận 2 (Phan Đăng Lưu),10.7993096663153,106.680368185043,0.268,2026-01-12 23:19,Low
6623f5876f998a001b25291a,Võ Nguyên Giáp - quay đầu An Phú (1),10.8021340576256,106.745932102203,0.763,2026-01-12 23:19,High
6623e2e16f998a001b252233,Hai Bà Trưng - Trần Quốc Toản,10.7899088890498,106.689380407333,0.267,2026-01-12 23:19,Low
63b54898bfd3d90017ea77ae,Nguyễn Duy Trinh - Bưng Ông Thoàn,10.7912052020479,106.796894073486,0.333,2026-01-12 23:19,Medium
63b549b8bfd3d90017ea782c,Đỗ Xuân Hợp - Tây Hòa,10.8244331690453,106.769192218781,0.514,2026-01-12 23:19,Medium
662b5b271afb9c00172d9296,Trường Chinh - Tân Hải,10.7999419950356,106.640210151672,0.274,2026-01-12 23:19,Low
662a87df1afb9c00172d2522,Trần Văn Giàu - Nguyễn Cửu Phú,10.7478547321893,106.585021018982,0.256,2026-01-12 23:19,Low
68ede60a230ee50017d04c69,Đại lộ Bình Dương - ngã 5 Phước Kiến (2),10.9929293585276,106.655960083008,0.294,2026-01-12 23:19,Low
5a823bd55058170011f6eaa0,Trần Hưng Đạo - Nguyễn Thái Học 2,10.7675334356397,106.695860624313,0.315,2026-01-12 23:19,Medium
5a6085688576340017d06684,QL1-Tỉnh lộ 10 (3),10.756524271036,106.591758728027,0.306,2026-01-12 23:19,Medium
595dd7693dcfc400106f28b0,QL1 - Nút giao An Lạc 1,10.8619248135124,106.65426492691,0.299,2026-01-12 23:19,Low
6623e88c6f998a001b25248b,Hoàng Minh Giám - Đăng Văn Sâm,10.8111972234488,106.676033735275,0.298,2026-01-12 23:19,Low
63b54996bfd3d90017ea781a,Đỗ Xuân Hợp - Dương Đình Hội,10.8167087590452,106.774277687073,0.346,2026-01-12 23:19,Medium
56de42f611f398ec0c481283,Mai Chí Thọ - Trần Não 1,10.775796632403,106.72761797905,0.271,2026-01-12 23:19,Low
5d8cdcf0766c880017188972,Nút giao Lê Đại Hành 1 (Bình Thới),10.7688034952946,106.651834845543,0.295,2026-01-12 23:19,Low
67e217643215f90017863b73,Nguyễn Thị Định - Cổng A (20),10.7601553898663,106.786760687828,0.319,2026-01-12 23:19,Medium
662b57ec1afb9c00172d90e3,Phạm Văn Đồng - Phan Văn Trị 1,10.8018284344744,106.64838552475,0.271,2026-01-12 23:19,Low
662b50571afb9c00172d87df,Quốc Lộ 50 - Bùi Minh Trực,10.7375142028136,106.656239032745,0.278,2026-01-12 23:19,Low
56df8274c062921100c143df,Võ Nguyên Giáp - Tây Hòa 1,10.8264933293527,106.761032938957,0.294,2026-01-12 23:19,Low
662b52131afb9c00172d8a23,Tỉnh lộ 10 - Mã Lò,10.7581738268099,106.606982946396,0.285,2026-01-12 23:19,Low
68188b786dfb4b0018f8face,Láng Le Bàu Cò - Thích Thiện Hòa,10.7326336873021,106.516485214233,0.299,2026-01-12 23:19,Low
5a6061fd8576340017d06613,Quang Trung - Trưng Nữ Vương,10.8885285926454,106.596522331238,0.396,2026-01-12 23:19,Medium
6623f0246f998a001b252797,Âu Cơ - Lũy Bán Bích,10.7957475229889,106.638236045837,0.305,2026-01-12 23:19,Medium
595da7d93dcfc400106f288a,Phạm Văn Đồng - Kha Vạn Cân 1,10.8605550497817,106.692035794258,0.326,2026-01-12 23:19,Medium
66b1c311779f740018674083,Võ Trần Chí - Trần Đại Nghĩa,10.7543371464344,106.634910106659,0.574,2026-01-12 23:19,Medium
68ae7f327d735d00173c74e4,Cầu Bình Triệu (2) hướng đi xòng xoay,10.8244858587438,106.713847517967,0.314,2026-01-12 23:19,Medium
59ca30fd02eb490011a0a406,QL1 - Tỉnh lộ 10 (1),10.7564662992633,106.591324210167,0.273,2026-01-12 23:19,Low
662a8cfe1afb9c00172d296e,Huỳnh Tấn Phát - Trần Trọng Cung,10.7433433113335,106.729581356049,0.344,2026-01-12 23:19,Medium
589b39d9b3bf7600110283c1,QL 22 - Nguyễn Ảnh Thủ 2,10.8554657956616,106.607159972191,0.253,2026-01-12 23:19,Low
5d8cd326766c88001718893e,Nút giao Cây Gõ 3 (dạ cầu),10.75418958083,106.643235683441,0.48,2026-01-12 23:19,Medium
587461c1b807da0011e33cc8,Quốc lộ 1 - Ngã tư Linh Xuân,10.8735570152435,106.765501499176,0.323,2026-01-12 23:19,Medium
63ae76afbfd3d90017e8f106,Khánh Hội - Đường số 41,10.7579524811918,106.699776649475,0.321,2026-01-12 23:19,Medium
63b661a3bfd3d90017eaa520,Nguyễn Tất Thành - Cảng SG (Q4-Q7),10.7596125693667,106.713321805,0.273,2026-01-12 23:19,Low
583f926761cfea0012cf68f1,Nguyễn Thị Định - Cổng A Cảng Cát Lái,10.7599709364081,106.786578297615,0.327,2026-01-12 23:19,Medium
6878bab06145d3001ba517f7,Mai Chí Thọ - Trần Quý Kiên (1),10.7820887360004,106.739709377289,0.267,2026-01-12 23:19,Low
56df81d8c062921100c143de,Nút giao Thủ Đức (trên cầu),10.8491804998734,106.774009466171,0.47,2026-01-12 23:19,Medium
63ae73cebfd3d90017e8f00d,Nguyễn Thị Minh Khai - Cống Quỳnh,10.7684240589462,106.684364676476,0.251,2026-01-12 23:19,Low
662a8a661afb9c00172d2762,Nguyễn Văn Linh - Quản Trọng Linh,10.6939873445986,106.610469818115,0.28,2026-01-12 23:19,Low
6623e7526f998a001b252407,Ba Tháng Hai - cầu vượt Nguyễn Tri Phương,10.7692092808607,106.669843196869,0.312,2026-01-12 23:19,Medium
5a6084898576340017d06680,QL1 - Tân Tạo Chợ Đệm 3,10.7642238774455,106.590535640717,0.265,2026-01-12 23:19,Low
56de42f611f398ec0c48129b,Võ Văn Kiệt - Hồ Học Lãm 2,10.721839351587,106.611467599869,0.327,2026-01-12 23:19,Medium
586e2492f9fab7001111b0ab,Nguyễn Văn Trỗi - Nguyễn Đình Chính,10.7955947082032,106.675336360931,0.251,2026-01-12 23:19,Low
68edd621230ee50017d031c5,Mỹ Phước Tân Vạn - Phạm Ngọc Thạch (1),11.0087690153912,106.668190956116,0.259,2026-01-12 23:19,Low
68ede0cf230ee50017d04657,Mỹ Phước Tân Vạn - Điện Biên Phủ (1),10.9974791343309,106.682739257813,0.344,2026-01-12 23:19,Medium
662b571d1afb9c00172d9083,Cách Mạng Tháng Tám - Phạm Văn Hai (2),10.7892923479795,106.660181879997,0.263,2026-01-12 23:19,Low
587479b1b807da0011e33cf9,Trường Chinh - Tây Thạnh 2,10.8189533898328,106.628301143646,0.33,2026-01-12 23:19,Medium
62da3e620637a10017d70720,Nguyễn Văn Cừ - Trần Hưng Đạo 1,10.8456979781692,106.718176603317,0.276,2026-01-12 23:19,Low
63b54909bfd3d90017ea77e4,Nguyễn Duy Trinh - Võ Chí Công 2,10.7909838807122,106.792902946472,0.27,2026-01-12 23:19,Low
595ddbbf3dcfc400106f28b8,Nguyễn Văn Linh - cầu Tân Thuận 2,10.8618299839181,106.649796366692,0.265,2026-01-12 23:19,Low
5d9de43b766c880017188cb6,Cao tốc LTDG - Đỗ Xuân Hợp 1,10.7965537514336,106.778896450996,0.31,2026-01-12 23:19,Medium
5a8250cc5058170011f6eaba,Quốc lộ 1 - BQB Cầu vượt Quang Trung B (hướng Ngã 4 Ga),10.8445494220268,106.78128361702,0.261,2026-01-12 23:19,Low
6818868b6dfb4b0018f8f298,Trần Văn Giàu - Mai Bá Hương,10.7888760503025,106.514360904694,0.299,2026-01-12 23:19,Low
5b0b7e1c0e517b00119fd80b,Lê Hồng Phong - Nguyễn Trãi,10.8067078290005,106.823662519455,0.33,2026-01-12 23:19,Medium
56de42f611f398ec0c48129a,Võ Văn Kiệt - Hồ Học Lãm 1,10.722239929521,106.610904335976,0.336,2026-01-12 23:19,Medium
662b57711afb9c00172d90a7,Cộng Hòa - Đường A4,10.8017125083701,106.649898290634,0.325,2026-01-12 23:19,Medium
63b54968bfd3d90017ea7808,Nguyễn Duy Trinh - Đỗ Xuân Hợp,10.7904358462274,106.781616210938,0.281,2026-01-12 23:19,Low
56de42f611f398ec0c48127f,Mai Chí Thọ - Lương Định Của 1,10.791531914198,106.751103401184,0.493,2026-01-12 23:19,Medium
58df5016dc195800111e04bd,Yên Thế - Hồng Hà,10.8133259738659,106.668566465378,0.322,2026-01-12 23:19,Medium
681887836dfb4b0018f8f3d1,Trần Đại Nghĩa - Kênh B,10.7445238765742,106.539101600647,0.327,2026-01-12 23:19,Medium
681884726dfb4b0018f8f035,Lê Chính Đang - Lê Đình Chi,10.7739732679194,106.528930664063,0.284,2026-01-12 23:19,Low
5d8cdac3766c880017188962,Trường Chinh - Đồng Đen,10.7970385413523,106.645912528038,0.348,2026-01-12 23:19,Medium
587ef5dfb807da0011e33d59,Nguyễn Văn Trỗi - Huỳnh Văn Bánh,10.7928914544929,106.679853200912,0.335,2026-01-12 23:19,Medium
68fae32b6b936b001721878b,Võ Chí Công - Cầu Ngọn Ngay (1),10.7832480707178,106.788783073425,0.311,2026-01-12 23:19,Medium
595dc2f03dcfc400106f2896,Lê Chính Đang 2,10.8610924193788,106.686226129532,0.281,2026-01-12 23:19,Low
662b85f51afb9c00172dd1c2,Nguyễn Thị Nghĩa - Lê Lai,10.7698416728609,106.694197654724,0.326,2026-01-12 23:19,Medium
692293f044912200174bc856,Quốc Lộ 51 - Hội Bài Châu Pha,10.5148176695387,107.088375091553,0.282,2026-01-12 23:19,Low
68a588c04e89b100173b616b,Tỉnh Lộ 8 - Bến Than (2),10.979005766129,106.617078781128,0.33,2026-01-12 23:19,Medium
5d8cdbdc766c88001718896a,Hoàng Văn Thụ - Cộng Hòa,10.8006744408059,106.660782694817,0.303,2026-01-12 23:19,Medium
63b54d5abfd3d90017ea7afe,Đường số 1 - Cảng Phước Long,10.8266672041268,106.755888462067,0.298,2026-01-12 23:19,Low
5deb576d1dc17d7c5515ad13,Pasteur - Lê Thánh Tôn,10.775708,106.700359,0.286,2026-01-12 23:19,Low
662b862a1afb9c00172dd1ff,Hàm Nghi - Phó Đức Chính,10.7711749616441,106.699524521828,0.273,2026-01-12 23:19,Low
5deb576d1dc17d7c5515acf2,Điện Biên Phủ - Cách Mạng Tháng Tám,10.7765712954739,106.683694124222,0.305,2026-01-12 23:19,Medium
5a824e465058170011f6eab4,Quang Trung - Lê Văn Thọ (2),10.8366990807787,106.658325791359,0.51,2026-01-12 23:19,Medium
662b57471afb9c00172d9095,Cộng Hòa - Ấp Bắc,10.8023975256098,106.641572713852,0.325,2026-01-12 23:19,Medium
56de42f611f398ec0c481291,Võ Văn Kiệt - Nguyễn Tri Phương 1,10.7503370389747,106.668738126755,0.496,2026-01-12 23:19,Medium
584e71cb61cfea0012cf694b,Lê Văn Chí - Linh Trung,10.8248968380735,106.603265404701,0.282,2026-01-12 23:19,Low
595f874d3dcfc400106f28ec,Quốc lộ 1 - Nguyễn Văn Quá 2,10.8566669938921,106.639571785927,0.274,2026-01-12 23:19,Low
5b19d34faf4ff60011d6ea52,Nguyễn Tất Thành - Tôn Đản,10.7625638146636,106.708472371101,0.253,2026-01-12 23:19,Low
63b3c9bfbfd3d90017e9b039,Kha Vạn Cân - Đường Số 2,10.8418834903115,106.746854782104,0.318,2026-01-12 23:19,Medium
5deb576d1dc17d7c5515acf4,Nút giao Ngã bảy Lý Thái Tổ,10.767465,106.674156,0.281,2026-01-12 23:19,Low
6922944044912200174bc883,Quốc Lộ 51 - Hoàng Sa 2,10.4997959914388,107.101764678955,0.326,2026-01-12 23:19,Medium
58af99abbd82540010390c39,Nguyễn Hữu Cảnh - Nguyễn Bỉnh Khiêm,10.7846234574745,106.707914471626,0.282,2026-01-12 23:19,Low
68a5894a4e89b100173b6202,Tỉnh Lộ 8 - KCN Tân Quy (2),10.9827974297384,106.592037677765,0.32,2026-01-12 23:19,Medium
6623ecc16f998a001b25269e,Nguyễn Oanh - Nguyễn Văn Lượng,10.838553676621,106.675518751144,0.323,2026-01-12 23:19,Medium
6623e3ea6f998a001b2522ae,Nguyễn Đình Chiểu - Cao Thắng,10.7700419300508,106.682138442993,0.336,2026-01-12 23:19,Medium
662b7d0c1afb9c00172dc6a6,Cống Quỳnh - Bùi Viện,10.7652778808151,106.690131425858,0.349,2026-01-12 23:19,Medium
662b54bb1afb9c00172d8dbb,Phạm Văn Chiêu - Đường số 59,10.8502078623705,106.652623414993,0.45,2026-01-12 23:19,Medium
662b58bd1afb9c00172d9119,Lê Văn Sỹ - Đặng Văn Ngữ,10.7937556552044,106.66899561882,0.327,2026-01-12 23:19,Medium
595f86c43dcfc400106f28ea,Quốc lộ 1 - Nguyễn Văn Quá 1,10.8566248466676,106.639485955238,0.305,2026-01-12 23:19,Medium
59ca321b02eb490011a0a40d,QL1 - Cầu An Lập,10.7286174804458,106.601784825325,0.413,2026-01-12 23:19,Medium
5a82439f5058170011f6eaa9,Nguyễn Biểu - Cầu Chữ Y,10.75113811876,106.68364584446,0.329,2026-01-12 23:19,Medium
6623e5d66f998a001b25235a,Cách Mạng Tháng Tám - Đỗ Thị Lời,10.783880433226,106.670325994492,0.324,2026-01-12 23:19,Medium
58d7c20ac1e33c00112b321c,Phạm Văn Đồng - Phan Văn Trị 2,10.8207659432755,106.69480919838,0.378,2026-01-12 23:19,Medium
589d0b74b3bf7600110283d4,Cầu Sài Gòn 4 (Thủ Đức 1),10.7997417577515,106.730428934097,0.498,2026-01-12 23:19,Medium
56df807bc062921100c143da,Trường Chinh - Âu Cơ,10.8019180137061,106.63648724556,0.358,2026-01-12 23:19,Medium
662b82a61afb9c00172dcdfd,Trần Quang Khải - Trần Nhật Duật,10.7916478442304,106.689380407333,0.34,2026-01-12 23:19,Medium
586e266ef9fab7001111b0b0,Trường Chinh - Phạm Văn Bạch 1,10.8140847327392,106.633150577545,0.264,2026-01-12 23:19,Low
63ae7a74bfd3d90017e8f2c7,Tô Hiến Thành – Sư Vạn Hạnh,10.7778940148849,106.665540933609,0.256,2026-01-12 23:19,Low
59d3414302eb490011a0a610,Xa Lộ Hà Nội - Đường 120,10.8674828287814,106.803814172745,0.305,2026-01-12 23:19,Medium
6623e9e96f998a001b2525ce,Phan Đình Phùng - Huynh Văn Bánh,10.7958634513952,106.681923866272,0.315,2026-01-12 23:19,Medium
63ae7a9cbfd3d90017e8f303,Điện Biên Phủ – Cao Thắng,10.7727295794518,106.679091453552,0.319,2026-01-12 23:19,Medium
5a6085188576340017d06682,Nơ Trang Long - Nguyễn Xí,10.7563292750288,106.592434644699,0.311,2026-01-12 23:19,Medium
56de42f611f398ec0c481286,Mai Chí Thọ - Nguyễn Cơ Thạch 2,10.7733830435244,106.722918748856,0.291,2026-01-12 23:19,Low
6623f14b6f998a001b2527f0,Tân Kỳ Tân Quý - Lê Trọng Tấn,10.8037570167341,106.632571220398,0.404,2026-01-12 23:19,Medium
662b4f411afb9c00172d86fc,Hậu Giang - Minh Phụng,10.7497836602495,106.642361283302,0.482,2026-01-12 23:19,Medium
6792f9c88c5ed4001b27fb3d,Quốc Lộ 1K - Đường GS1,10.8880966294513,106.776037216187,0.284,2026-01-12 23:19,Low
662b843d1afb9c00172dd02d,Lê Thánh Tôn - Đồng Khởi,10.7771984022141,106.701825857162,0.294,2026-01-12 23:19,Low
595d9b3b3dcfc400106f287e,Pasteur - Lê Duẩn,10.8592853785591,106.70542538166,0.518,2026-01-12 23:19,Medium
5deb576d1dc17d7c5515ad0b,Nam Kỳ Khởi Nghĩa - Lý Tự Trọng,10.775615,106.699042,0.308,2026-01-12 23:19,Medium
5a6087858576340017d0668e,QL1-Trạm Biến Áp 500Kv Phú Lâm,10.7414565055181,106.598871946335,0.359,2026-01-12 23:19,Medium
662b4e581afb9c00172d862f,Lê Hồng Phong - Trần Phú,10.7604188946108,106.677095890045,0.289,2026-01-12 23:19,Low
587464e2b807da0011e33cd9,Cầu vượt nút giao thông Gò Dưa,10.8699588780888,106.733132600784,0.277,2026-01-12 23:19,Low
58afdbaebd82540010390c48,Quốc lộ 1 - Cao tốc Trung Lương,10.689411864849,106.592531204224,0.283,2026-01-12 23:19,Low
63b54c51bfd3d90017ea7aa0,Đường số 1 - Nguyễn Văn Bá,10.8266882798502,106.760228276253,0.266,2026-01-12 23:19,Low
58ad6214bd82540010390be2,Cộng Hòa - Hoàng Hoa Thám,10.8013120360293,106.647366285324,0.34,2026-01-12 23:19,Medium
5deb576d1dc17d7c5515ad09,Trường Chinh - Hoàng Hoa Thám,10.7964536316791,106.647017598152,0.336,2026-01-12 23:19,Medium
58af8a0bbd82540010390c25,Nam Kỳ Khởi Nghĩa - Võ Thị Sáu,10.784533873088,106.688543558121,0.316,2026-01-12 23:19,Medium
5b0b74280e517b00119fd7f9,Võ Văn Kiệt - Cầu Chữ Y 2,10.7581316657523,106.715644598007,0.358,2026-01-12 23:19,Medium
587ef859b807da0011e33d5b,Phạm Văn Đồng - Lê Quang Định 2,10.8200546227367,106.689868569374,0.289,2026-01-12 23:19,Low
58744e97b807da0011e33cb9,Dương Bá Trạc - Hẻm 219,10.7469851294422,106.689042448998,0.288,2026-01-12 23:19,Low
692293c644912200174bc83b,Quốc Lộ 51 - Xô Viết Nghệ Tĩnh,10.5455338805464,107.071552276611,0.336,2026-01-12 23:19,Medium
63b54a48bfd3d90017ea7850,Lã Xuân Oai - Lò Lu,10.8243804793376,106.808009147644,0.322,2026-01-12 23:19,Medium
58c2717ed56e930010a39ac0,Quốc Lộ 50 - Cầu Nhị Thiên Đường 2,10.7418073259385,106.656062516536,0.319,2026-01-12 23:19,Medium
58afcd9bbd82540010390c41,Quốc lộ 1 - Nguyễn Hữu Trí 2,10.6965544326304,106.596699357033,0.338,2026-01-12 23:19,Medium
63b54a9ebfd3d90017ea7911,Nguyễn Xiển - Nguyễn Văn Tăng,10.8428107736029,106.828694343567,0.33,2026-01-12 23:19,Medium
5bbc7163ca0577001164127f,Lê Văn Lương - Cầu Long Kiểng (HCM),10.6895647333739,106.702550053597,0.292,2026-01-12 23:19,Low
6623f3d66f998a001b252890,Quốc Lộ 1K - đường số 8,10.8822808688795,106.769835948944,0.303,2026-01-12 23:19,Medium
5b6005b6fd4edb0019c7db25,Trần Hưng Đạo - Nguyễn Biểu,10.7561079280569,106.683527827263,0.279,2026-01-12 23:19,Low
662a902a1afb9c00172d2bed,Quốc Lộ 1 - Hưng Nhơn,10.7114030554397,106.59907579422,0.335,2026-01-12 23:19,Medium
662b85481afb9c00172dd0f1,Võ Văn Kiệt - Pasteur,10.7687191761474,106.703091859818,0.27,2026-01-12 23:19,Low
6623ef2b6f998a001b252753,Phan Văn Hớn - Trần Văn Mười,10.8498285289366,106.587703227997,0.29,2026-01-12 23:19,Low
66b1c4e7779f7400186741e4,Hoàng Văn Thụ - Phạm Văn Hai,10.8004004325254,106.665455102921,0.326,2026-01-12 23:19,Medium
56de42f611f398ec0c48129c,Võ Văn Kiệt - Quốc Lộ 1,10.7170534584198,106.600942611694,0.347,2026-01-12 23:19,Medium
587c8661b807da0011e33d43,Lê Văn Sỹ - Hoàng Văn Thụ,10.7999683420367,106.660519838333,0.261,2026-01-12 23:19,Low
5b632a79fd4edb0019c7dc0f,Nguyễn Tri Phương - Trần Hưng Đạo,10.7524240581789,106.669510602951,0.543,2026-01-12 23:19,Medium
662a87a41afb9c00172d24e9,Trần Văn Giàu - Tỉnh Lộ 10,10.7617258747396,106.569678783417,0.347,2026-01-12 23:19,Medium
595dd4133dcfc400106f28a9,Lã Xuân Oai - Cầu Tăng Long (1),10.8619616916798,106.671023368835,0.326,2026-01-12 23:19,Medium
662b5b8c1afb9c00172d92ca,Bình Long - Lê Thúc Hoạch,10.7884439432433,106.617207527161,0.425,2026-01-12 23:19,Medium
5d8cd7bb766c880017188952,Thanh Niên - gần trung tâm kiểm định giống cây,10.8289275670072,106.722747087479,0.269,2026-01-12 23:19,Low
56df857fc062921100c143e7,Tôn Đức Thắng - Lê Duẩn,10.8026451853041,106.663454174995,0.258,2026-01-12 23:19,Low
63ae75debfd3d90017e8f082,Cao Thắng – Võ Văn Tần 1,10.7685031082248,106.683892607689,0.331,2026-01-12 23:19,Medium
6623eb466f998a001b252632,Hà Huy Giáp - An Lộc,10.8536955999934,106.679220199585,0.259,2026-01-12 23:19,Low
5a824dc05058170011f6eab2,Quang Trung - Lê Văn Thọ (1),10.8366042431825,106.658180952072,0.476,2026-01-12 23:19,Medium
5d8cd49f766c880017188944,Lê Duẩn - Nguyễn Bỉnh Khiêm,10.7547007899372,106.669499874115,0.51,2026-01-12 23:19,Medium
5a606c078576340017d06624,Quốc lộ 13 - Hiệp Bình,10.8495545656016,106.718916893005,0.333,2026-01-12 23:19,Medium
5deb576d1dc17d7c5515acf3,Ba Tháng Hai - Lý Thái Tổ,10.768198,106.668459,0.291,2026-01-12 23:19,Low
5a8254b05058170011f6eac3,Xô Viết Nghệ Tĩnh - Nguyễn Xí 1,10.809674419948,106.712254285812,0.693,2026-01-12 23:19,High
662b50c11afb9c00172d8843,Nguyễn Tất Thành - Cầu Tân Thuận 2,10.7517441974476,106.624084711075,0.435,2026-01-12 23:19,Medium
6623f51a6f998a001b252900,Quốc Lộ 13 - Nguyễn Thị Nhung,10.8403450366927,106.716363430023,0.269,2026-01-12 23:19,Low
5deb576d1dc17d7c5515ad1b,Hoàng Văn Thụ - Xuân Diệu,10.761236,106.700404,0.323,2026-01-12 23:19,Medium
58744e3eb807da0011e33cb7,Dương Bá Trạc - Hẻm 288,10.7444131987789,106.688919067383,0.307,2026-01-12 23:19,Medium
58744dd9b807da0011e33cb5,Quốc lộ 50 - Tạ Quang Bửu,10.7341621509602,106.656190752983,0.284,2026-01-12 23:19,Low
56df8416c062921100c143e4,Võ Văn Kiệt - An Bình,10.8143956125566,106.678592562675,0.321,2026-01-12 23:19,Medium
681883b46dfb4b0018f8ef39,Lê Chính Đang 1,10.7801916331905,106.516485214233,0.308,2026-01-12 23:19,Medium
58af8b69bd82540010390c28,Nam Kỳ Khởi Nghĩa - Điện Biên Phủ 1,10.7832744191822,106.69091463089,0.306,2026-01-12 23:19,Medium
6623e3a26f998a001b252291,Lý Chính Thắng - Trần Quốc Thảo,10.7843863222755,106.684466600418,0.312,2026-01-12 23:19,Medium
589b3ceeb3bf7600110283c3,QL 22 - Nguyễn Văn Bứa 1,10.8837348196645,106.587172150612,0.298,2026-01-12 23:19,Low
595dcab53dcfc400106f289d,Phan Đăng Lưu - Nguyễn Văn Đậu,10.861629788009,106.678490638733,0.252,2026-01-12 23:19,Low
662a89211afb9c00172d2636,Quốc Lộ 1 - Dương Đình Cúc,10.705952846726,106.597981452942,0.307,2026-01-12 23:19,Medium
5deb576d1dc17d7c5515ad05,Điện Biên Phủ - Đinh Tiên Hoàng,10.790705,106.697491,0.265,2026-01-12 23:19,Low
595dd4f43dcfc400106f28ab,Tỉnh Lộ 8 - Sông Lu (2),10.8616403246391,106.663309335709,0.269,2026-01-12 23:19,Low
6792ef4f8c5ed4001b27f2c0,Quốc Lộ 1 - Ba Làng,10.6562217600296,106.5558385849,0.338,2026-01-12 23:19,Medium
662b84771afb9c00172dd076,Nguyễn Du - Công xã Paris,10.7790322866967,106.700012683868,0.308,2026-01-12 23:19,Medium
6623f0b46f998a001b2527c3,Hòa Bình - Lũy Bán Bích,10.7704213643614,106.631401777267,0.324,2026-01-12 23:19,Medium
6922928544912200174bc755,Quốc Lộ 51 - Cách Mạng Tháng 8 (Phú Mỹ),10.6059447275766,107.05472946167,0.327,2026-01-12 23:19,Medium
665861d864f11e00173c73a9,Huỳnh Tấn Phát - Cầu Tân Thuận 1,10.7554702370632,106.723374724388,0.351,2026-01-12 23:19,Medium
5a607f078576340017d0666f,QL1-Phan Văn Hớn (H.Hoc Mon),10.8344440453534,106.606779098511,0.3,2026-01-12 23:19,Low
68ede112230ee50017d046a6,Mỹ Phước Tân Vạn - Điện Biên Phủ (2),10.9967629705727,106.684069633484,0.316,2026-01-12 23:19,Medium
5a824ee15058170011f6eab6,Nguyễn Oanh - Phan Văn Trị (1),10.8306083386046,106.67790055275,0.304,2026-01-12 23:19,Medium
6623ed396f998a001b2526b8,Nguyễn Thái Sơn - Phạm Ngũ Lão,10.820344420197,106.683468818665,0.284,2026-01-12 23:19,Low
5b632b60fd4edb0019c7dc12,Hồng Bàng - Ngô Quyền 1,10.7557179353779,106.666420698166,0.571,2026-01-12 23:19,Medium
587c8d97b807da0011e33d49,Hoàng Văn Thụ - Nguyễn Văn Trỗi 2,10.8001000770077,106.669188737869,0.279,2026-01-12 23:19,Low
59414c883dcfc400106f260b,Cộng Hòa - Bình Giã,10.8018653200436,106.645107865334,0.314,2026-01-12 23:19,Medium
56df82d4c062921100c143e0,Võ Nguyên Giáp - Tây Hòa 2,10.8264933293527,106.760866641998,0.35,2026-01-12 23:19,Medium
6792f1008c5ed4001b27f41f,Quốc Lộ 22 - Võ Văn Điều,10.9882952554727,106.452713012695,0.262,2026-01-12 23:19,Low
58affc6017139d0010f35cc8,Phạm Văn Đồng - Quốc Lộ 13 (1),10.8262720340397,106.714013814926,0.277,2026-01-12 23:19,Low
587463bab807da0011e33cd3,Quốc lộ 1 - Lê Thị Hoa,10.8747792130109,106.748399734497,0.303,2026-01-12 23:19,Medium
5deb576d1dc17d7c5515ad1c,Hoàng Diệu - Nguyễn Tất Thành,10.7652936908376,106.707260012627,0.254,2026-01-12 23:19,Low
56de42f611f398ec0c481287,Võ Văn Kiệt - Ký Con,10.7654781410386,106.700146794319,0.307,2026-01-12 23:19,Medium
662b5c981afb9c00172d94c0,Tân Kỳ Tân Quý - Tân Quý,10.7994361321658,106.619310379028,0.464,2026-01-12 23:19,Medium
662a861e1afb9c00172d23ad,Nguyễn Hữu Thọ - Phạm Hữu Lầu,10.6954843759884,106.718187332153,0.353,2026-01-12 23:19,Medium
662b5a9c1afb9c00172d9240,Trường Chinh - Nguyễn Thái Bình,10.7946620093783,106.650145053864,0.33,2026-01-12 23:19,Medium
662a88a01afb9c00172d25d1,Trần Văn Giàu - Đường Thanh Niên,10.788032914001,106.517043113709,0.283,2026-01-12 23:19,Low
68a587fc4e89b100173b6054,Tỉnh Lộ 8 - Tỉnh Lộ 15 (2),10.9836610796409,106.577167510986,0.263,2026-01-12 23:19,Low
662b4e201afb9c00172d85f9,Hồng Bàng - Tạ Uyên,10.7537258027461,106.653825044632,0.41,2026-01-12 23:19,Medium
5d8cdb4b766c880017188966,Hoàng Văn Thụ - Út Tịch,10.7980555437486,106.658374071121,0.283,2026-01-12 23:19,Low
58b57a6c17139d0010f35d65,Nơ Trang Long - Phan Văn Trị,10.8790147216882,106.812987327576,0.303,2026-01-12 23:19,Medium
62da3e390637a10017d706ff,Quốc Lộ 13 - Đinh Thị Thi 1,10.8444440496827,106.718230247498,0.306,2026-01-12 23:19,Medium
5deb576d1dc17d7c5515ad10,Nguyễn Văn Trỗi - Hoàng Văn Thụ 1,10.773652,106.689579,0.271,2026-01-12 23:19,Low
66b1c4a2779f74001867418c,Lê Văn Sỹ - Phạm Văn Hai,10.7971175831128,106.664553880692,0.251,2026-01-12 23:19,Low
631813ebc9eae60017a196b0,Cầu Sài Gòn 8 (Thủ Đức),10.7995520591487,106.731228232384,0.438,2026-01-12 23:19,Medium
68188cfa6dfb4b0018f9013c,Thanh Niên - kênh 1,10.7958318345615,106.515905857086,0.283,2026-01-12 23:19,Low
587475abb807da0011e33cea,Trường Sơn - Cửu Long,10.8091738427151,106.664789915085,0.338,2026-01-12 23:19,Medium
5deb576d1dc17d7c5515ad0e,Cách Mạng Tháng Tám - Nguyễn Đình Chiểu,10.774969,106.686639,0.324,2026-01-12 23:19,Medium
68ede227230ee50017d0480b,Mỹ Phước Tân Vạn - Thủ Khoa Huân (1),10.9707271314364,106.713767051697,0.28,2026-01-12 23:19,Low
5deb576d1dc17d7c5515ad11,Nguyễn Đình Chiểu - Trương Định,10.777922,106.689658,0.323,2026-01-12 23:19,Medium
68ede25b230ee50017d0484d,Mỹ Phước Tân Vạn - Thủ Khoa Huân (2),10.9698845093027,106.715397834778,0.328,2026-01-12 23:19,Medium
587478d8b807da0011e33cf3,Nút giao Bảy Hiền 1 (Cách Mạng Tháng Tám),10.7928387592472,106.653594374657,0.272,2026-01-12 23:19,Low
5deb576d1dc17d7c5515acf8,Ba Tháng Hai - Cao Thắng,10.773823,106.67782,0.261,2026-01-12 23:19,Low
591c6833a6bfb500119400a3,Đặng Thúc Vịnh - Trịnh Thị Miếng,10.890809558636,106.613377332687,0.329,2026-01-12 23:19,Medium
63ae7938bfd3d90017e8f226,Quốc Lộ 1- Công ty Pouyen 3 (Cổng),10.7470852656437,106.595476269722,0.275,2026-01-12 23:19,Low
63b664edbfd3d90017eaaa24,CT Trung Lương - Võ Trần Chí 2,10.6846307310993,106.566883921623,0.275,2026-01-12 23:19,Low
56df83d8c062921100c143e3,Nút giao Nguyễn Thái Sơn 1 (Hồng Hà),10.8140847327392,106.678351163864,0.269,2026-01-12 23:19,Low
6623e5776f998a001b252337,Trần Quang Diệu - Trường Sa,10.7845127944049,106.678436994553,0.285,2026-01-12 23:19,Low
59ca308302eb490011a0a403,QL1 - Tân Tạo Chợ Đệm 1,10.7672014274613,106.590755581856,0.282,2026-01-12 23:19,Low
5deb576d1dc17d7c5515acfd,Lý Chính Thắng - Nguyễn Thông,10.7793063144528,106.682181358337,0.349,2026-01-12 23:19,Medium
56df8159c062921100c143dc,Nút giao Thủ Đức (Lê Văn Việt),10.8490751291612,106.774283051491,0.517,2026-01-12 23:19,Medium
587ef2e4b807da0011e33d57,Nguyễn Văn Trỗi - Nguyễn Trọng Tuyển,10.7976866831738,106.672310829163,0.309,2026-01-12 23:19,Medium
589b3f7db3bf7600110283c6,QL 22 - Nguyễn Văn Bứa 2,10.8841088420888,106.586925387383,0.306,2026-01-12 23:19,Medium
68188c876dfb4b0018f9007b,Võ Văn Văn - đường 1A,10.7782523601788,106.573798656464,0.297,2026-01-12 23:19,Low
6623e6706f998a001b25239b,Hùng Vương - Trần Nhân Tôn,10.7612726484012,106.675046682358,0.403,2026-01-12 23:19,Medium
662b86551afb9c00172dd227,Trần Hưng Đạo - Calmette,10.7702052976598,106.697469949722,0.258,2026-01-12 23:19,Low
662a88521afb9c00172d2592,Kinh Dương Vương - Hồ Học Lãm,10.7281852870275,106.607261896133,0.536,2026-01-12 23:19,Medium
649da77ea6068200171a6dd4,Tôn Đức Thắng - Công trường Mê Linh,10.775301268578,106.70676112175,0.322,2026-01-12 23:19,Medium
63b3c59fbfd3d90017e9ace8,Vĩnh Lộc - Quách Điêu,10.8125250596398,106.577596664429,0.283,2026-01-12 23:19,Low
58b5510817139d0010f35d4e,Phạm Văn Đồng - Quốc Lộ 13 (2),10.8254711543978,106.71435713768,0.325,2026-01-12 23:19,Medium
5a824c905058170011f6eab0,Nút giao Bốn Xã 2 (Hòa Bình),10.7736939654481,106.62178337574,0.309,2026-01-12 23:19,Medium
5deb576d1dc17d7c5515ad16,Nguyễn Thị Minh Khai - Pasteur,10.780518,106.695957,0.339,2026-01-12 23:19,Medium
63ae7c73bfd3d90017e8f3ed,Lý Thường Kiệt - Tô Hiến Thành 2,10.7708113380158,106.658003926277,0.302,2026-01-12 23:19,Medium
586e1d4ef9fab7001111b0a2,Cộng Hòa - Đường C 18,10.8016071209638,106.651110649109,0.36,2026-01-12 23:19,Medium
63195512c9eae60017a1c279,Nguyễn Trãi - Cống Quỳnh 1,10.7663399395947,106.688103715542,0.311,2026-01-12 23:19,Medium
59ca2ecb02eb490011a0a3f6,Hai Bà Trưng - Trần Cao Vân,10.7958581819231,106.596806645393,0.325,2026-01-12 23:19,Medium
5d8cdc9d766c880017188970,Lạc Long Quân - Âu Cơ,10.7747690150491,106.647881269455,0.32,2026-01-12 23:19,Medium
6792f1b78c5ed4001b27f4a9,Quốc Lộ 13 - Cầu Vĩnh Bình,10.8682888641092,106.716213226318,0.421,2026-01-12 23:19,Medium
58d8ec0adc195800111e042b,Mỹ Phước - Tân Vận - Huỳnh Văn Lũy (1),10.7935237967208,106.756081581116,0.41,2026-01-12 23:19,Medium
5a8254f25058170011f6eac5,Xô Viết Nghệ Tĩnh - Nguyễn Xí 2,10.8102803807443,106.712415218353,0.673,2026-01-12 23:19,High
63ae7c53bfd3d90017e8f3d8,Lý Thường Kiệt - Tô Hiến Thành 1,10.7704951431996,106.658336520195,0.291,2026-01-12 23:19,Low
5deb576d1dc17d7c5515ad20,Hồng Bàng - Ngô Quyền 2,10.755881,106.666241,0.545,2026-01-12 23:19,Medium
5874796db807da0011e33cf7,Trường Chinh - Tây Thạnh 1,10.8199228965258,106.630790233612,0.3,2026-01-12 23:19,Low
5deb576d1dc17d7c5515acfa,Nút giao Công Trường Dân Chủ,10.777664,106.681336,0.316,2026-01-12 23:19,Medium
58746536b807da0011e33cdc,Cầu vượt Bình Phước 1,10.8659497751896,106.723519563675,0.262,2026-01-12 23:19,Low
5a8251575058170011f6eabc,Hậu Giang - Nguyễn Văn Luông,10.8444335124463,106.781578660011,0.293,2026-01-12 23:19,Low
662b59291afb9c00172d912b,Lê Văn Sỹ - Nguyễn Trọng Tuyển,10.7987511081718,106.662569046021,0.342,2026-01-12 23:19,Medium
5a6060a88576340017d0660d,Nguyễn Thái Sơn - Phan Văn Trị  1,10.8261245037402,106.689493060112,0.331,2026-01-12 23:19,Medium
63b65f33bfd3d90017eaa405,Nguyễn Hữu Cảnh - Ngô Tất Tố 3 (Nhánh chính cầu Thủ Thiêm 1),10.7887970063747,106.716953516006,0.321,2026-01-12 23:19,Medium
5deb576d1dc17d7c5515ad1e,Pasteur - Hàm Nghi,10.770674,106.702639,0.269,2026-01-12 23:19,Low
5a6061868576340017d06611,Quang Trung - Bà Triệu,10.8883494860312,106.596280932426,0.42,2026-01-12 23:19,Medium
589b3705b3bf7600110283bd,QL 22 - Nguyễn Ảnh Thủ 1,10.8551338847726,106.607385277748,0.315,2026-01-12 23:19,Medium
63ae7759bfd3d90017e8f162,Nguyễn Tất Thành - Cầu Khánh Hội,10.7675070857977,106.706036925316,0.257,2026-01-12 23:19,Low
63ae7709bfd3d90017e8f135,Hoàng Diệu - Đoàn Văn Bơ 1,10.7632541910898,106.703810691834,0.298,2026-01-12 23:19,Low
662b55111afb9c00172d8e2e,Quang Trung - Phạm Văn Chiêu,10.8446442571047,106.640725135803,0.261,2026-01-12 23:19,Low
649da419a6068200171a6c90,Nguyễn Chí Thanh - Ngô Quyền,10.759206770879,106.665605306625,0.504,2026-01-12 23:19,Medium
58afccadbd82540010390c3f,Quốc lộ 1 - Nguyễn Hữu Trí 1,10.6966335007055,106.596463322639,0.279,2026-01-12 23:19,Low
662b82761afb9c00172dcda3,Trần Quang Khải - Trần Nguyên Đán,10.7923592320866,106.694144010544,0.259,2026-01-12 23:19,Low
5deb576d1dc17d7c5515acf7,Nút giao Ngã sáu Cộng Hòa,10.765059,106.68172,0.32,2026-01-12 23:19,Medium
5d9ddd49766c880017188c94,Nút giao Hàng Xanh 1 (Viện Máy tính),10.8016545453012,106.71106338501,0.544,2026-01-12 23:19,Medium
5d8cd767766c880017188950,Phạm Văn Đồng - Nguyễn Xí (hướng đi Sân bay),10.8230474266509,106.702968478203,0.333,2026-01-12 23:19,Medium
6922931044912200174bc7cf,Quốc Lộ 51 - Trần Hưng Đạo,10.5881433260604,107.055244445801,0.257,2026-01-12 23:19,Low
6792f16e8c5ed4001b27f482,Cao tốc LT-DG - Trạm thu phí Long Phước,10.7858829057319,106.850624084473,0.334,2026-01-12 23:19,Medium
595f8d813dcfc400106f28f2,Tỉnh Lộ 8 - Hà Duy Phiên (1),10.8529158676222,106.632431745529,0.346,2026-01-12 23:19,Medium
5874656eb807da0011e33cde,Cầu vượt Bình Phước 2,10.8647433460363,106.724211573601,0.289,2026-01-12 23:19,Low
6623e3566f998a001b25226d,Lê Văn Sỹ - Trường Sa,10.786135848679,106.680936813354,0.271,2026-01-12 23:19,Low
5abbb6d698d8fc001102dfc8,Nguyễn Văn Linh - Nguyễn Lương Bằng (1),10.7314425344033,106.720451116562,0.506,2026-01-12 23:19,Medium
5d8cdd26766c880017188974,Võ Văn Kiệt - Cao Văn Lầu,10.7688351149688,106.652623414993,0.333,2026-01-12 23:19,Medium
5deb576d1dc17d7c5515ad03,Nam Kỳ Khởi Nghĩa - Nguyễn Đình Chiểu,10.7814721788992,106.692835092545,0.329,2026-01-12 23:19,Medium
63ae777cbfd3d90017e8f177,Nguyễn Tất Thành - Đoàn Như Hài,10.7667745592657,106.706455349922,0.29,2026-01-12 23:19,Low
631828cac9eae60017a19f50,Nguyễn Thị Minh Khai - Nguyễn Bỉnh Khiêm 1,10.7887074232314,106.703531742096,0.309,2026-01-12 23:19,Medium
63b3c2fbbfd3d90017e9abbf,Cầu Sài Gòn 1 (dạ cầu Bình Thạnh),10.7980089972696,106.724379211664,0.591,2026-01-12 23:19,Medium
58d7c2e6c1e33c00112b321e,Trường Chinh - Phan Văn Hớn 1 (Q12-HM),10.8269833398213,106.625425815582,0.259,2026-01-12 23:19,Low
63b54ad1bfd3d90017ea7974,Võ Chí Công - Liên Phường 1,10.8045368770814,106.792543530464,0.318,2026-01-12 23:19,Medium
662b5b481afb9c00172d92a8,Trường Chinh - Trương Công Định,10.7990461956223,106.641937494278,0.272,2026-01-12 23:19,Low
681885376dfb4b0018f8f0f2,Lê Đình Chi - Kênh 3,10.7693146796196,106.526484489441,0.253,2026-01-12 23:19,Low
56de42f611f398ec0c48129e,Đồng Văn Cống - Phan Văn Đáng,10.7785053,106.7572618,0.301,2026-01-12 23:19,Medium
5d9dddb9766c880017188c96,Nút giao Hàng Xanh 2 (ĐH Hồng Bàng),10.7998787622235,106.706600189209,0.432,2026-01-12 23:19,Medium
5d8cd372766c880017188940,Vĩnh Lộc - Nguyễn Thị Tú 2,10.7550275416962,106.643267869949,0.411,2026-01-12 23:19,Medium
5a60839c8576340017d0667c,QL1 - Hương Lộ 2 (2),10.769962881176,106.591436862946,0.349,2026-01-12 23:19,Medium
68188c236dfb4b0018f8ff8f,Vĩnh Lộc - Lại Hùng Cường,10.7982347044359,106.560130119324,0.27,2026-01-12 23:19,Low
63b65f64bfd3d90017eaa41f,Xô Viết Nghệ Tĩnh - Đường D5,10.8068184838962,106.711615920067,0.649,2026-01-12 23:19,High
58746371b807da0011e33cd1,Quốc lộ 1 - Đường 14,10.8696796650458,106.775951385498,0.291,2026-01-12 23:19,Low
63bd1e95bfd3d90017ec3cd5,Nguyễn Lương Bằng - Hoàng Quốc Việt,10.7131108376067,106.731684207916,0.443,2026-01-12 23:19,Medium
63ae7cd3bfd3d90017e8f408,Lạc Long Quân - Ông Ích Khiêm,10.7667007795163,106.64261341095,0.305,2026-01-12 23:19,Medium
5d8cd70e766c88001718894e,Phạm Văn Đồng - Nguyễn Xí (hướng đi Thủ Đức),10.8228313977916,106.703445911407,0.34,2026-01-12 23:19,Medium
58b555ac17139d0010f35d59,Tùng Thiện Vương - Cầu Nhị Thiên Đường,10.7443815765443,106.656072735786,0.362,2026-01-12 23:19,Medium
595ddc123dcfc400106f28ba,Quốc lộ 1 - ĐH Nông Lâm 1,10.8617509592331,106.649812459946,0.283,2026-01-12 23:19,Low
59d3524f02eb490011a0a61b,Nguyễn Thị Thập - Lê Văn Lương,10.8655019745646,106.793106794357,0.29,2026-01-12 23:19,Low
63b55020bfd3d90017ea7cb7,Nút giao Mỹ Thủy (6),10.7702738066308,106.77515745163,0.327,2026-01-12 23:19,Medium
68ede746230ee50017d04dcc,Đại lộ Bình Dương - ngã tư chợ Đình (2),10.9835768212251,106.666603088379,0.288,2026-01-12 23:19,Low
5b19d2f9af4ff60011d6ea4f,Quang Trung - Thống Nhất,10.7604452450726,106.712136268616,0.277,2026-01-12 23:19,Low
662b4d781afb9c00172d8571,An Dương Vương - Lê Hồng Phong,10.7589116443632,106.677567958832,0.338,2026-01-12 23:19,Medium
5a606a958576340017d06621,Đinh Bộ Lĩnh - Bạch Đằng 3,10.8028664980496,106.709464788437,0.535,2026-01-12 23:19,Medium
662a8c381afb9c00172d28b6,Dương Bá Trạc - đường 9A,10.7388529049553,106.689584255218,0.255,2026-01-12 23:19,Low
63b6617ebfd3d90017eaa50b,Nguyễn Tất Thành - Cảng SG (Q7-Q4),10.7592436616732,106.713917255402,0.305,2026-01-12 23:19,Medium
595f91653dcfc400106f28f6,Quốc lộ 1 - Trần Đại Nghĩa,10.8454766970536,106.618419885635,0.31,2026-01-12 23:19,Medium
56de42f611f398ec0c481292,Võ Văn Kiệt - Phạm Phú Thứ,10.7413616378753,106.645520925522,0.299,2026-01-12 23:19,Low
681888066dfb4b0018f8f4c2,Trần Văn Giàu - Võ Hữu Lợi,10.7708851167585,106.551203727722,0.335,2026-01-12 23:19,Medium
5deb576d1dc17d7c5515acff,Hai Bà Trưng - Lý Chính Thắng,10.791464,106.687554,0.285,2026-01-12 23:19,Low
662b58791afb9c00172d9107,255 Hoàng Văn Thụ,10.8005216285264,106.664301753044,0.297,2026-01-12 23:19,Low
662b811d1afb9c00172dcc1d,Trần Hưng Đạo - Nguyễn Cư Trinh,10.7650143803183,106.692867279053,0.267,2026-01-12 23:19,Low
662a8eb41afb9c00172d2aba,Nguyễn Văn Linh - Nguyễn Thị Thập 2,10.7379990877391,106.721824407578,0.49,2026-01-12 23:19,Medium
63b548ecbfd3d90017ea77d2,Nguyễn Duy Trinh - Võ Chí Công 1,10.7909628024813,106.791990995407,0.312,2026-01-12 23:19,Medium
5deb576d1dc17d7c5515acfb,Võ Thị Sáu - Bà Huyện Thanh Quan,10.7801863634439,106.684262752533,0.261,2026-01-12 23:19,Low
56de42f611f398ec0c48127d,Mai Chí Thọ - Võ Nguyên Giáp (Cát Lái cầu A),10.8049847689326,106.752707362175,0.521,2026-01-12 23:19,Medium
56de42f611f398ec0c48128d,Hải Thượng Lãn Ông - Cầu Chà Và,10.7505847415039,106.660031676292,0.424,2026-01-12 23:19,Medium
6792f03d8c5ed4001b27f378,Quốc Lộ 50 - Cổng chào Long An,10.6424723207925,106.657032966614,0.285,2026-01-12 23:19,Low
68ede490230ee50017d04ae5,Mỹ Phước Tân Vạn - ĐT 743A (2),10.898568926428,106.820733547211,0.346,2026-01-12 23:19,Medium
6623e7076f998a001b2523ea,Lý Thái Tổ - Sư Vạn Hạnh,10.7677758540786,106.671495437622,0.265,2026-01-12 23:19,Low
59ca2cac02eb490011a0a3e9,Phạm Văn Đồng - Kha Vạn Cân (hướng đi Quốc lộ 1),10.8395020450536,106.611746549606,0.26,2026-01-12 23:19,Low
586e25e1f9fab7001111b0ae,Trường Chinh - Tân Kỳ Tân Quý,10.8037728247342,106.635918617249,0.308,2026-01-12 23:19,Medium
681889ec6dfb4b0018f8f6cb,Nguyễn Cửu Phú - Trần Đại Nghĩa,10.7298402682344,106.581319570541,0.251,2026-01-12 23:19,Low
5d9dde8e766c880017188c9a,Quốc Lộ 51 - Hoàng Sa 1,10.8015491578746,106.713750958443,0.639,2026-01-12 23:19,High
5d9ddf0f766c880017188c9e,Nút giao Hàng Xanh 6 (Cầu Điện Biên Phủ - Hàng Xanh),10.8007429428369,106.709132194519,0.486,2026-01-12 23:19,Medium
681883866dfb4b0018f8eef6,Mai Bá Hương - Lê Chính Đang,10.7817936319045,106.512622833252,0.281,2026-01-12 23:19,Low
63ae76ddbfd3d90017e8f11b,Khánh Hội -  Hoàng Diệu,10.7596389198989,106.698489189148,0.302,2026-01-12 23:19,Medium
5deb576d1dc17d7c5515ad14,Lý Tự Trọng - Đồng Khởi,10.7778940148849,106.701037287712,0.27,2026-01-12 23:19,Low
63b66035bfd3d90017eaa48e,Nơ Trang Long - Nguyễn Huy Lượng (Bệnh viện Ung Bướu),10.8053483512381,106.695023775101,0.325,2026-01-12 23:19,Medium
585b284ac3f96200127dc500,Huỳnh Tấn Phát - Lưu Trọng Lư 1,10.7545321437295,106.727795004845,0.274,2026-01-12 23:19,Low
56de42f611f398ec0c481295,Võ Văn Kiệt - Cầu Chà Và 1 (dạ cầu),10.7490827124077,106.659994125366,0.474,2026-01-12 23:19,Medium
5deb576d1dc17d7c5515ad04,Võ Thị Sáu - Pasteur,10.7860304558102,106.690008044243,0.254,2026-01-12 23:19,Low
5a8278f35058170011f6eaed,Nguyễn Văn Linh - Phạm Hùng 1,10.7284488196731,106.677117347717,0.438,2026-01-12 23:19,Medium
662b830e1afb9c00172dcf50,Cách Mạng Tháng Tám - Võ Văn Tần,10.7743421575788,106.688017845154,0.267,2026-01-12 23:19,Low
5a6084208576340017d0667e,Võ Chí Công - Liên Phường 2,10.7661000008843,106.590557098389,0.349,2026-01-12 23:19,Medium
5a825ab55058170011f6ead2,Nguyễn Văn Linh - Nguyễn Hữu Thọ (2),10.7289864255581,106.700313091278,0.271,2026-01-12 23:19,Low
586e20a0f9fab7001111b0a7,Nguyễn Văn Cừ - Trần Hưng Đạo 2,10.8062968247449,106.6783618927,0.35,2026-01-12 23:19,Medium
6623edd26f998a001b2526f7,Vòng xoay Gò Vấp (2),10.8267936584446,106.679542064667,0.338,2026-01-12 23:19,Medium
5a8255a55058170011f6eac7,BX Miền Đông - Đinh Bộ Lĩnh 1,10.8168141411482,106.711433529854,0.579,2026-01-12 23:19,Medium
56de42f611f398ec0c481294,Mai Chí Thọ - Lương Định Của 2,10.7675334356397,106.702040433884,0.331,2026-01-12 23:19,Medium
587ed91db807da0011e33d4e,Phan Đăng Lưu - Đinh Tiên Hoàng 2,10.8024818353159,106.697963476181,0.288,2026-01-12 23:19,Low
63b54dcbbfd3d90017ea7ba8,Quốc Lộ 1 - Cổng ĐH Quốc gia TPHCM,10.865338658848,106.793847084045,0.301,2026-01-12 23:19,Medium
56de42f611f398ec0c48128a,Võ Văn Kiệt - Trần Đình Xu 2,10.7587798913611,106.692545413971,0.285,2026-01-12 23:19,Low
6623ed9b6f998a001b2526cd,Vòng xoay Gò Vấp (1),10.8260981590362,106.680099964142,0.307,2026-01-12 23:19,Medium
58b5752e17139d0010f35d5f,Nam Kỳ Khởi Nghĩa -Nguyễn Thị Minh Khai 2,10.7794696770349,106.695173978806,0.333,2026-01-12 23:19,Medium
58175c81edeb6c0012a2d5c2,Mai Chí Thọ - Trần Não 2,10.7757228548636,106.727376580238,0.256,2026-01-12 23:19,Low
631812e6c9eae60017a19567,Cầu Sài Gòn 11 (Bình Thạnh),10.7980818909152,106.723358631134,0.598,2026-01-12 23:19,Medium
6623e7b76f998a001b25242d,Đinh Bộ Lĩnh - Bùi Đình Túy,10.8083518403949,106.709260940552,0.647,2026-01-12 23:19,High
5ad068b198d8fc001102e278,Nguyễn Chí Thanh - Nguyễn Kim,10.6524259645754,106.654586791992,0.276,2026-01-12 23:19,Low
63ae75a3bfd3d90017e8f051,Cống Quỳnh - Phạm Viết Chánh,10.767891793263,106.685453653336,0.285,2026-01-12 23:19,Low
662b7d8a1afb9c00172dc71f,Lê Lai - Phạm Hồng Thái,10.7712223907807,106.695914268494,0.269,2026-01-12 23:19,Low
5abbb77298d8fc001102dfce,Nguyễn Văn Linh - Nguyễn Lương Bằng (2),10.7315637581429,106.720327734947,0.539,2026-01-12 23:19,Medium
63bd1f48bfd3d90017ec3d19,Huỳnh Tấn Phát - Nguyễn Thị Thập,10.7375247437985,106.730353832245,0.631,2026-01-12 23:19,High
58aff2c6bd82540010390c55,Quốc lộ 1 - Đinh Đức Thiện 1,10.6647884855642,106.569807529449,0.338,2026-01-12 23:19,Medium
5b25a1dcf13cba001124e710,Phạm Văn Đồng - Hiệp Bình (hướng đi Thủ Đức),10.7767662783818,106.700028777123,0.263,2026-01-12 23:19,Low
5deb576d1dc17d7c5515ad18,Hai Bà Trưng - Lê Duẩn,10.781431,106.699614,0.26,2026-01-12 23:19,Low
66b1c1bf779f740018673ef2,An Dương Vương - Trần Phú,10.7577416756903,106.674488782883,0.378,2026-01-12 23:19,Medium
56de42f611f398ec0c4812a0,Nguyễn Thị Định - Đường A,10.7627851568961,106.783590316772,0.314,2026-01-12 23:19,Medium
6623efc26f998a001b25277f,Tô Ký - Nguyễn Ảnh Thủ,10.8675723883698,106.615512371063,0.273,2026-01-12 23:19,Low
662b50841afb9c00172d880d,Tùng Thiện Vương - Xóm Củi,10.7466952613032,106.660562753677,0.372,2026-01-12 23:19,Medium
58abc0cbbd82540010390ba6,Cầu Sài Gòn 3 (Dạ cầu Bình Thạnh),10.7982289959934,106.724311485887,0.646,2026-01-12 23:19,High
58afea5dbd82540010390c4d,Quốc lộ 1 - Bùi Thanh Khiết 1,10.6741931544789,106.580477356911,0.304,2026-01-12 23:19,Medium
5deb576d1dc17d7c5515ad07,Nguyễn Văn Trỗi - Trương Quốc Dung,10.797381,106.672665,0.291,2026-01-12 23:19,Low
5d8cdc1d766c88001718896c,Trường Sơn - Hậu Giang,10.8076721060064,106.664478778839,0.346,2026-01-12 23:19,Medium
5a606c758576340017d06626,BX Miền Đông - Quốc Lộ 13 (1),10.8142322689639,106.712779998779,0.631,2026-01-12 23:19,High
68fae2966b936b00172186a6,Võ Chí Công - đường số 5 (1),10.7753434272331,106.780436038971,0.262,2026-01-12 23:19,Low
63b66008bfd3d90017eaa476,Cầu vượt An Sương 3,10.8036621687159,106.721674203873,0.787,2026-01-12 23:19,High
5a82628e5058170011f6eadb,Nguyễn Văn Linh - Quốc lộ 50 (1),10.7199365991593,106.655665040016,0.274,2026-01-12 23:19,Low
589b46b3b3bf7600110283d0,Quốc Lộ 1 - Độc Lập (cổng KCN Sóng Thần),10.8986321383696,106.69497013092,0.3,2026-01-12 23:19,Low
5d8cd653766c88001718894c,Kha Vạn Cân - Võ Văn Ngân,10.8509770648006,106.75500869751,0.428,2026-01-12 23:19,Medium
662b4de41afb9c00172d85c5,Hải Thượng Lãn Ông - Châu Văn Liêm,10.7509852813336,106.658996343613,0.473,2026-01-12 23:19,Medium
58af8eb2bd82540010390c30,Nam Kỳ Khởi Nghĩa -Nguyễn Thị Minh Khai 1,10.7797542439016,106.695082783699,0.34,2026-01-12 23:19,Medium
6623ee176f998a001b25270c,Phan Văn Trị - Lê Đức Thọ,10.829417573494,106.6819024086,0.291,2026-01-12 23:19,Low
5b0b7d240e517b00119fd809,Quốc lộ 1 - Cầu vượt Linh Xuân,10.7672172373829,106.59831404686,0.28,2026-01-12 23:19,Low
595f8d233dcfc400106f28f0,Nguyễn Văn Linh - Nguyễn Thị Thập 1,10.8528104982269,106.632506847382,0.333,2026-01-12 23:19,Medium
5deb576d1dc17d7c5515ad1d,Ba Tháng Hai - Lê Đại Hành 2,10.7673753365528,106.699846386909,0.258,2026-01-12 23:19,Low
68ae7e997d735d00173c7445,Cầu Bình Triệu (2) hướng đi lên cầu Bình Triệu 2,10.8242434860543,106.714024543762,0.288,2026-01-12 23:19,Low
5b0b835b0e517b00119fd80d,Tam Bình (Số 81),10.8530844585776,106.73014998436,0.348,2026-01-12 23:19,Medium
5b6c155aca0577001163fe36,Hai Bà Trưng - Nguyễn Hữu Cầu,10.7974969832732,106.720730066299,0.669,2026-01-12 23:19,High
5d8cd2a3766c88001718893c,Nút giao Cây Gõ 1 (trên cầu),10.7544425503934,106.642913818359,0.521,2026-01-12 23:19,Medium
662b4e8e1afb9c00172d865c,Lý Thường Kiệt - Nguyễn Chí Thanh,10.7584267930315,106.661485433578,0.486,2026-01-12 23:19,Medium
66b1c190779f740018673ed4,Nguyễn Trãi - Trần Phú,10.7550749733738,106.67188167572,0.461,2026-01-12 23:19,Medium
662b7f9f1afb9c00172dca50,Nguyễn Đình Chiểu - Nguyễn Bỉnh Khiêm,10.7904674636287,106.701471805573,0.312,2026-01-12 23:19,Medium
68a589294e89b100173b61d9,Tỉnh Lộ 8 - KCN Tân Quy (1),10.9827974297384,106.591501235962,0.258,2026-01-12 23:19,Low
58747923b807da0011e33cf5,Nút giao Bảy Hiền 2 (Hoàng Văn Thụ),10.7931970867358,106.653615832329,0.331,2026-01-12 23:19,Medium
63ae7af4bfd3d90017e8f32c,Ba Tháng Hai - Lý Thường Kiệt 2,10.7636125538021,106.659564971924,0.38,2026-01-12 23:19,Medium
5875d4f8b807da0011e33d1a,Tạ Quang Bửu - Phạm Hùng 1,10.7372717600591,106.670937538147,0.328,2026-01-12 23:19,Medium
595d92013dcfc400106f2877,Nguyễn Thị Định - Lê Phụng Hiểu,10.8607025631008,106.715140342712,0.597,2026-01-12 23:19,Medium
681886f26dfb4b0018f8f31a,Trần Văn Giàu - Thanh Niên,10.7899721239599,106.514682769775,0.339,2026-01-12 23:19,Medium
662b80721afb9c00172dcb28,Nguyễn Văn Thủ - Trần Doãn Khanh,10.788633648858,106.69774889946,0.262,2026-01-12 23:19,Low
59ca2f4402eb490011a0a3f9,QL1 - Tân Kỳ Tân Quý 2,10.7894293572155,106.595449447632,0.348,2026-01-12 23:19,Medium
586e1f18f9fab7001111b0a5,Cộng Hòa - Trường Chinh,10.8070661399436,106.634953022003,0.27,2026-01-12 23:19,Low
681891e26dfb4b0018f90a69,Xô Viết Nghệ Tĩnh - Phan Văn Hân (Cầu Thị Nghè),10.7482763568618,106.58505320549,0.295,2026-01-12 23:19,Low
5d9de3c2766c880017188cb3,Cao tốc LTDG - Cầu Bà Dạt 3,10.7929019935409,106.754863858223,0.367,2026-01-12 23:19,Medium
63ae7cfcbfd3d90017e8f422,Cách Mạng Tháng Tám – Phạm Văn Hai,10.7890446772791,106.660680770874,0.305,2026-01-12 23:19,Medium
5b0e1faacddcc80011ceb449,Nút giao Hàng Xanh 8 (HX-VT),10.8012804197692,106.711969971657,0.518,2026-01-12 23:19,Medium
63b65fa9bfd3d90017eaa449,Đinh Bộ Lĩnh - Chu Văn An,10.7953154258079,106.709818840027,0.42,2026-01-12 23:19,Medium
6623e5066f998a001b252317,Nguyễn Thị Minh Khai - Tôn Thất Tùng,10.7712645500069,106.687191724777,0.329,2026-01-12 23:19,Medium
662b5c141afb9c00172d93d7,Tân Kỳ Tân Quý - Bình Long,10.7965800987319,106.613742113113,0.413,2026-01-12 23:19,Medium
66b1c158779f740018673eb4,Hùng Vương - Lê Hồng Phong,10.7622528812529,106.676441431046,0.338,2026-01-12 23:19,Medium
56df8381c062921100c143e2,Nguyễn Hữu Thọ - Nguyễn Thị Thập 1,10.740497286869,106.700946092606,0.321,2026-01-12 23:19,Medium
5d8cd1f9766c880017188938,Cách Mạng Tháng Tám - Rạch Bùng Binh,10.7535782368426,106.669569611549,0.501,2026-01-12 23:19,Medium
595da2dd3dcfc400106f2885,Mai Chí Thọ - Xa Lộ Hà Nội (3),10.8601177777294,106.698709130287,0.402,2026-01-12 23:19,Medium
595f80e83dcfc400106f28e4,Nút giao Ngã bảy Lý Thái Tổ,10.8600387525913,106.645692586899,0.303,2026-01-12 23:19,Medium
631955e7c9eae60017a1c30a,Cách Mạng Tháng Tám – Hòa Hưng,10.7802232516687,106.677144169807,0.292,2026-01-12 23:19,Low
5a6060e08576340017d0660f,Nguyễn Thái Sơn - Phan Văn Trị 2,10.8262720340397,106.689149737358,0.284,2026-01-12 23:19,Low
5a607ea98576340017d0666d,Ba Tháng Hai - Lê Hồng Phong 2,10.8343386694508,106.607272624969,0.348,2026-01-12 23:19,Medium
63b548c3bfd3d90017ea77c0,Nguyễn Duy Trinh - Nguyễn Thị Tư,10.792733368728,106.806946992874,0.268,2026-01-12 23:19,Low
662a8c931afb9c00172d2901,Huỳnh Tấn Phát - Hoàng Quốc Việt,10.7143336880567,106.736941337585,0.267,2026-01-12 23:19,Low
63195556c9eae60017a1c2ba,Nguyễn Trãi - Cống Quỳnh 2,10.7668302628021,106.688015724794,0.335,2026-01-12 23:19,Medium
58df4adedc195800111e04b4,Phổ Quang - Huỳnh Lan Khanh,10.8049689609963,106.666592359543,0.315,2026-01-12 23:19,Medium
59ca301902eb490011a0a400,QL1 - Hương Lộ 2 (1),10.7702369171868,106.591292023659,0.255,2026-01-12 23:19,Low
584e738361cfea0012cf6951,Quốc lộ 1 - Nguyễn Thị Tú,10.8161291568165,106.600910425186,0.323,2026-01-12 23:19,Medium
583f958161cfea0012cf68f5,Nguyễn Thị Định - Đường C,10.7660209509751,106.779872775078,0.299,2026-01-12 23:19,Low
6922921744912200174bc71d,Quốc Lộ 51 - Mỹ Xuân - Ngãi Giao 1,10.6241668905482,107.054214477539,0.256,2026-01-12 23:19,Low
5a8253615058170011f6eabf,Đinh Bộ Lĩnh - Bạch Đằng 1,10.8030720025958,106.710022687912,0.592,2026-01-12 23:19,Medium
5deb576d1dc17d7c5515ad0f,Nguyễn Thị Minh Khai - Trương Định,10.776014,106.691731,0.301,2026-01-12 23:19,Medium
68fae2b66b936b00172186e5,Võ Chí Công - đường số 5 (2),10.775996885673,106.780489683151,0.263,2026-01-12 23:19,Low
662b51761afb9c00172d88ef,Hương Lộ 3 - Đường kênh 19/5,10.8029560769717,106.610062122345,0.337,2026-01-12 23:19,Medium
68a5873d4e89b100173b5f60,Tỉnh Lộ 8 - Hà Duy Phiên (2),10.973507767433,106.639952659607,0.286,2026-01-12 23:19,Low
66b1c370779f7400186740b3,Thành Thái - Tô Hiến Thành,10.7763868520664,106.663513183594,0.344,2026-01-12 23:19,Medium
6623ec376f998a001b252671,Tô Ký - Nguyễn Văn Quá,10.8474892954581,106.635167598724,0.315,2026-01-12 23:19,Medium
59ca2e6002eb490011a0a3f3,Nút giao Hàng Xanh 3 (Cầu Thị Nghè - Hàng Xanh),10.8041364085074,106.598539352417,0.29,2026-01-12 23:19,Low
5b6c1618ca0577001163fe3c,Xa Lộ Hà Nội - Đường D400,10.795078299042,106.718080043793,0.552,2026-01-12 23:19,Medium
5deb576d1dc17d7c5515ad22,Nút giao Ngã sáu Nguyễn Tri Phương,10.76009,106.669124,0.427,2026-01-12 23:19,Medium
63b664d2bfd3d90017eaaa0f,CT Trung Lương - Võ Trần Chí 1,10.6852580285724,106.571159362793,0.301,2026-01-12 23:19,Medium
56df85bdc062921100c143e8,Quốc Lộ 51 - KCN Mỹ Xuân A,10.8015070028935,106.665642857552,0.273,2026-01-12 23:19,Low
662b85031afb9c00172dd0dc,Lê Lợi - Phan Bội Châu,10.772307988975,106.698939800262,0.286,2026-01-12 23:19,Low
58d7b5a7c1e33c00112b320a,Nút giao Chợ Đệm 1 (CT Trung Lương - Bùi Thanh Khiết),10.6859643956044,106.576287746429,0.277,2026-01-12 23:19,Low
662a8f3a1afb9c00172d2b31,Nguyễn Hữu Thọ - Đường số 15,10.7445238765742,106.701600551605,0.4,2026-01-12 23:19,Medium
58aff01fbd82540010390c50,Quốc lộ 1 - Bùi Thanh Khiết 2,10.6737028958529,106.58026278019,0.33,2026-01-12 23:19,Medium
5d8cdb9f766c880017188968,Hoàng Văn Thụ - Trần Huy Liệu,10.7993728992472,106.677471399307,0.302,2026-01-12 23:19,Medium
5a6085fb8576340017d06686,Đinh Bộ Lĩnh - Bạch Đằng 2,10.7499628496621,106.593507528305,0.298,2026-01-12 23:19,Low
59ca31d602eb490011a0a40b,QL1 - Hồ Học Lãm,10.7342095859156,106.602809429169,0.482,2026-01-12 23:19,Medium
587c782db807da0011e33d3b,Võ Nguyên Giáp - Thảo Điền,10.8010116814233,106.738277077675,0.534,2026-01-12 23:19,Medium
662a8d821afb9c00172d29c8,Nguyễn Thị Thập - Tân Mỹ,10.7381993660681,106.718316078186,0.562,2026-01-12 23:19,Medium
63ae7d29bfd3d90017e8f437,Lý Thường Kiệt - Bắc Hải,10.7778307774358,106.656131744385,0.327,2026-01-12 23:19,Medium
68ae7ee47d735d00173c7492,Cầu Bình Triệu (2) hướng vòng xoay,10.8239589613426,106.713756322861,0.312,2026-01-12 23:19,Medium
56de42f611f398ec0c48129f,Đồng Văn Cống - Nguyễn Thị Định,10.7731722,106.7702866,0.293,2026-01-12 23:19,Low
68188b296dfb4b0018f8f9a3,Võ Trần Chí - Kênh 10 (2),10.7087254022885,106.572715044022,0.338,2026-01-12 23:19,Medium
662b80b91afb9c00172dcb5b,Nút giao Ngã sáu Phù Đổng 2,10.7715702042204,106.693022847176,0.306,2026-01-12 23:19,Medium
692292c044912200174bc76d,Quốc Lộ 51 - Nguyễn Văn Linh,10.5993642352589,107.054386138916,0.31,2026-01-12 23:19,Medium
68188d586dfb4b0018f9018d,Hùng Vương - Ngô Gia Tự,10.8118084503619,106.519918441772,0.258,2026-01-12 23:19,Low
662b50261afb9c00172d87b2,Dương Bá Trạc - Đường số 9,10.7420784148825,106.688178777695,0.277,2026-01-12 23:19,Low
59ca2d9d02eb490011a0a3f0,QL1 - Phan Văn Hớn 2,10.8342965190794,106.606961488724,0.26,2026-01-12 23:19,Low
68a588984e89b100173b6138,Tỉnh Lộ 8 - Bến Than (1),10.9791953504657,106.616520881653,0.327,2026-01-12 23:19,Medium
5a8256df5058170011f6eacb,BX Miền Đông - Quốc Lộ 13 (2),10.8172620146729,106.713198423386,0.509,2026-01-12 23:19,Medium
5deb576d1dc17d7c5515acfc,Điện Biên Phủ - Trương Định,10.7800124617515,106.68729364872,0.3,2026-01-12 23:19,Low
587c8c20b807da0011e33d47,Hoàng Văn Thụ - Hồ Văn Huê,10.7994466709843,106.674934029579,0.265,2026-01-12 23:19,Low
58744fb0b807da0011e33cc0,Hưng Phú - Chánh Hưng 2,10.7463895818732,106.669129729271,0.403,2026-01-12 23:19,Medium
5822f23aedeb6c0012a2d6a8,Hồng Bàng - Nguyễn Thị Nhỏ,10.7535518857808,106.651153564453,0.308,2026-01-12 23:19,Medium
649da495a6068200171a6cb6,Mai Chí Thọ - Trần Quý Kiên (3),10.7817936319045,106.740009784698,0.269,2026-01-12 23:19,Low
