Date,Month,0,1,2,3,4,5,6,7,8,9,10,11,12,13,14,15,16,17,18,19,20,21,22,23,high_tide_time_1,htl1,high_tide_time_2,htl2,low_tide_time_1,ltl1,low_tide_time_2,ltl2
1,1,3.9,3.9,3.8,3.6,3.2,2.7,2.1,1.6,1.2,1.1,1.5,2.2,2.9,3.4,3.7,3.9,3.9,3.7,3.5,3.2,3.0,2.9,3.0,3.5,00:23,4.0,15:28,4.0,20:59,2.9,08:40,1.1
2,1,3.9,4.0,3.9,3.8,3.5,3.0,2.4,1.8,1.3,0.9,0.9,1.4,2.2,3.0,3.4,3.8,4.1,4.0,3.8,3.6,3.4,3.1,3.0,3.2,16:26,4.1,01:00,4.0,21:57,3.0,09:31,0.8
3,1,3.7,4.0,4.0,3.9,3.7,3.4,2.8,2.2,1.6,1.1,0.6,0.8,1.4,2.3,3.0,3.5,3.9,4.1,4.1,3.9,3.7,3.5,3.1,3.0,17:21,4.1,02:00,4.0,22:50,3.0,10:20,0.6
4,1,3.3,3.8,4.0,4.0,3.8,3.6,3.2,2.6,2.0,1.5,0.9,0.5,0.8,1.6,2.5,3.1,3.6,4.0,4.1,4.1,4.0,3.8,3.4,3.1,18:14,4.2,02:18,4.0,23:39,3.0,11:07,0.5
5,1,3.0,3.4,3.8,4.0,3.9,3.8,3.5,3.1,2.5,1.9,1.3,0.7,0.5,1.0,1.8,2.6,3.2,3.7,4.0,4.2,4.1,3.9,3.7,3.3,19:00,4.2,03:04,4.0,,,11:51,0.5
6,1,2.9,3.0,3.4,3.8,3.9,3.8,3.7,3.4,2.9,2.3,1.8,1.2,0.7,0.7,1.3,2.1,2.8,3.4,3.8,4.1,4.1,4.0,3.8,3.4,20:00,4.1,04:00,3.9,00:24,2.9,12:33,0.6
7,1,3.0,2.8,2.9,3.4,3.7,3.8,3.8,3.6,3.3,2.8,2.2,1.7,1.1,0.8,1.0,1.7,2.5,3.1,3.5,3.9,4.1,4.0,3.8,3.5,20:09,4.1,05:00,3.8,01:08,2.8,13:12,0.8
8,1,3.2,2.8,2.7,2.9,3.3,3.6,3.7,3.7,3.5,3.1,2.6,2.1,1.6,1.2,1.0,1.4,2.1,2.8,3.3,3.7,4.0,4.0,3.8,3.5,21:00,4.0,06:19,3.7,01:50,2.7,13:47,1.0
9,1,3.2,2.9,2.6,2.6,2.9,3.2,3.5,3.6,3.6,3.4,3.0,2.5,2.0,1.6,1.4,1.4,1.9,2.5,3.1,3.6,3.9,4.0,3.8,3.6,21:00,4.0,07:27,3.6,02:31,2.5,14:20,1.3
10,1,3.3,3.0,2.6,2.4,2.5,2.8,3.1,3.3,3.5,3.5,3.2,2.9,2.4,2.1,1.8,1.7,1.9,2.4,2.9,3.4,3.7,3.9,3.9,3.7,21:17,3.9,08:24,3.5,03:15,2.4,14:51,1.7
11,1,3.4,3.1,2.7,2.4,2.3,2.4,2.6,2.9,3.2,3.4,3.3,3.1,2.8,2.5,2.2,2.0,2.1,2.3,2.7,3.2,3.6,3.8,3.9,3.7,22:00,3.9,09:21,3.4,04:05,2.3,15:22,2.0
12,1,3.5,3.2,2.9,2.5,2.2,2.1,2.2,2.4,2.7,3.0,3.2,3.2,3.1,2.9,2.7,2.4,2.4,2.5,2.7,3.0,3.4,3.7,3.8,3.8,22:16,3.9,10:24,3.3,15:58,2.4,05:04,2.1
13,1,3.6,3.4,3.1,2.7,2.3,2.0,1.9,2.0,2.2,2.6,2.9,3.2,3.2,3.1,3.0,2.9,2.7,2.7,2.8,3.0,3.2,3.5,3.7,3.8,23:00,3.8,12:00,3.2,16:41,2.7,06:14,1.9
14,1,3.7,3.5,3.3,2.9,2.5,2.1,1.8,1.7,1.8,2.0,2.5,2.9,3.1,3.3,3.3,3.2,3.1,2.9,2.9,3.0,3.1,3.3,3.6,3.8,23:59,3.8,14:00,3.3,17:31,2.9,07:19,1.7
15,1,3.8,3.6,3.4,3.1,2.7,2.3,1.9,1.6,1.5,1.6,2.0,2.5,2.9,3.2,3.4,3.5,3.4,3.2,3.1,3.1,3.1,3.2,3.4,3.6,,,15:04,3.5,18:37,3.1,08:10,1.5
16,1,3.8,3.7,3.5,3.3,3.0,2.5,2.0,1.7,1.4,1.3,1.5,2.0,2.6,3.0,3.3,3.5,3.6,3.5,3.4,3.3,3.2,3.2,3.2,3.4,00:10,3.8,16:00,3.6,21:00,3.2,08:55,1.3
17,1,3.7,3.7,3.6,3.4,3.2,2.8,2.3,1.8,1.5,1.2,1.2,1.5,2.1,2.7,3.1,3.5,3.7,3.7,3.6,3.5,3.4,3.3,3.2,3.3,01:00,3.7,17:00,3.7,22:06,3.2,09:36,1.1
18,1,3.5,3.7,3.7,3.5,3.3,3.0,2.6,2.1,1.6,1.3,1.0,1.1,1.6,2.3,2.9,3.3,3.6,3.8,3.8,3.7,3.6,3.4,3.2,3.1,18:00,3.8,01:25,3.7,22:51,3.1,10:16,1.0
19,1,3.3,3.6,3.7,3.7,3.5,3.3,2.9,2.4,1.9,1.5,1.1,0.9,1.2,1.9,2.6,3.1,3.4,3.8,3.9,3.8,3.7,3.5,3.3,3.1,18:11,3.9,02:05,3.7,23:31,3.0,10:55,0.9
20,1,3.1,3.3,3.7,3.7,3.6,3.5,3.2,2.8,2.3,1.8,1.3,0.9,0.9,1.4,2.1,2.8,3.3,3.6,3.9,3.9,3.8,3.6,3.4,3.1,19:00,3.9,03:00,3.7,,,11:35,0.9
21,1,2.9,3.0,3.4,3.7,3.8,3.7,3.5,3.2,2.7,2.2,1.6,1.2,0.9,1.0,1.7,2.5,3.1,3.5,3.8,4.0,3.9,3.7,3.5,3.1,19:16,4.0,04:00,3.8,00:10,2.9,12:13,0.8
22,1,2.8,2.7,3.0,3.5,3.7,3.8,3.7,3.5,3.2,2.6,2.1,1.5,1.1,0.9,1.3,2.1,2.8,3.3,3.7,3.9,4.0,3.8,3.5,3.2,20:00,4.0,05:00,3.8,00:49,2.7,12:52,0.9
23,1,2.8,2.5,2.5,3.0,3.5,3.7,3.8,3.8,3.6,3.1,2.5,2.0,1.5,1.1,1.1,1.7,2.5,3.2,3.6,3.8,4.0,3.9,3.6,3.2,20:08,4.0,06:00,3.8,01:28,2.5,13:32,1.1
24,1,2.9,2.5,2.3,2.4,2.9,3.4,3.7,3.8,3.8,3.5,3.1,2.5,2.0,1.6,1.3,1.5,2.1,2.9,3.4,3.7,3.9,3.9,3.7,3.3,20:31,3.9,07:22,3.8,02:10,2.3,14:13,1.3
25,1,3.0,2.6,2.2,2.1,2.3,2.8,3.3,3.6,3.7,3.7,3.5,3.0,2.6,2.2,1.8,1.7,1.9,2.5,3.2,3.6,3.8,3.9,3.8,3.5,21:00,3.9,08:28,3.7,02:57,2.1,14:57,1.7
26,1,3.1,2.8,2.4,2.0,1.9,2.1,2.6,3.1,3.4,3.6,3.6,3.4,3.1,2.7,2.4,2.2,2.1,2.3,2.8,3.3,3.7,3.8,3.8,3.6,21:21,3.9,10:00,3.6,15:47,2.1,03:50,1.9
27,1,3.3,3.0,2.6,2.2,1.8,1.7,1.9,2.3,2.8,3.2,3.5,3.5,3.4,3.2,3.0,2.7,2.5,2.5,2.6,3.0,3.4,3.7,3.8,3.7,22:00,3.8,11:00,3.5,16:46,2.4,04:53,1.7
28,1,3.5,3.2,2.9,2.5,2.0,1.6,1.4,1.6,2.0,2.5,3.0,3.3,3.5,3.5,3.4,3.3,3.0,2.8,2.8,2.8,3.1,3.5,3.7,3.8,23:00,3.8,13:00,3.5,18:04,2.8,06:04,1.4
29,1,3.7,3.5,3.2,2.8,2.4,1.8,1.4,1.2,1.3,1.7,2.3,2.9,3.3,3.5,3.7,3.7,3.5,3.3,3.1,2.9,2.9,3.1,3.5,3.7,14:27,3.7,23:59,3.7,19:39,2.9,07:16,1.2
30,1,3.7,3.6,3.5,3.2,2.8,2.2,1.7,1.2,0.9,1.0,1.5,2.2,2.8,3.3,3.6,3.9,3.9,3.7,3.5,3.2,3.0,2.9,3.1,3.5,16:00,3.9,,,20:53,2.9,08:19,0.9
31,1,3.7,3.7,3.7,3.5,3.2,2.7,2.1,1.5,1.0,0.6,0.8,1.4,2.2,2.9,3.4,3.8,4.0,4.0,3.8,3.6,3.3,2.9,2.8,3.1,16:23,4.0,01:00,3.7,21:50,2.8,09:14,0.6
1,2,3.5,3.7,3.8,3.7,3.5,3.2,2.6,2.0,1.4,0.8,0.5,0.8,1.5,2.4,3.0,3.5,3.9,4.1,4.0,3.8,3.6,3.2,2.8,2.7,17:11,4.1,02:00,3.8,22:40,2.7,10:04,0.5
2,2,3.1,3.5,3.7,3.8,3.7,3.5,3.1,2.5,1.9,1.3,0.7,0.5,0.9,1.8,2.6,3.1,3.6,4.0,4.1,4.0,3.8,3.5,3.0,2.6,18:00,4.1,03:00,3.8,23:26,2.6,10:51,0.5
3,2,2.7,3.1,3.6,3.7,3.8,3.7,3.5,3.0,2.4,1.8,1.2,0.7,0.6,1.2,2.1,2.8,3.3,3.8,4.0,4.1,3.9,3.6,3.2,2.7,19:00,4.1,04:00,3.8,,,11:34,0.6
4,2,2.4,2.6,3.1,3.6,3.7,3.8,3.7,3.4,2.9,2.3,1.7,1.2,0.8,1.0,1.7,2.5,3.1,3.6,3.9,4.0,3.9,3.7,3.4,2.9,19:02,4.0,05:00,3.8,00:08,2.4,12:13,0.8
5,2,2.4,2.3,2.7,3.2,3.6,3.7,3.8,3.7,3.3,2.8,2.2,1.7,1.2,1.0,1.4,2.2,2.9,3.4,3.8,4.0,4.0,3.7,3.4,3.0,19:25,4.0,06:00,3.8,00:47,2.3,12:48,1.0
6,2,2.5,2.2,2.3,2.7,3.2,3.6,3.7,3.8,3.6,3.1,2.6,2.1,1.6,1.3,1.4,2.0,2.7,3.3,3.7,3.9,3.9,3.8,3.4,3.0,20:00,3.9,07:00,3.8,01:24,2.2,13:19,1.3
7,2,2.6,2.2,2.1,2.3,2.7,3.2,3.5,3.7,3.7,3.4,2.9,2.5,2.0,1.7,1.6,1.9,2.5,3.1,3.6,3.8,3.9,3.8,3.5,3.1,20:00,3.9,07:25,3.7,01:59,2.1,13:46,1.6
8,2,2.7,2.3,2.0,2.0,2.3,2.7,3.2,3.4,3.6,3.5,3.2,2.8,2.4,2.1,1.9,2.0,2.5,3.0,3.4,3.7,3.9,3.8,3.5,3.2,20:10,3.9,08:09,3.6,02:33,2.0,14:09,1.9
9,2,2.8,2.4,2.1,1.9,2.0,2.3,2.7,3.0,3.3,3.4,3.3,3.0,2.7,2.4,2.3,2.3,2.5,2.9,3.3,3.6,3.8,3.8,3.6,3.3,21:00,3.8,09:00,3.4,14:34,2.2,03:11,1.9
10,2,2.9,2.6,2.2,1.9,1.8,2.0,2.2,2.5,2.9,3.1,3.2,3.1,2.9,2.7,2.6,2.5,2.6,2.9,3.2,3.4,3.6,3.7,3.6,3.3,21:00,3.7,10:00,3.2,15:00,2.5,03:55,1.8
11,2,3.0,2.7,2.4,2.1,1.8,1.8,1.9,2.1,2.4,2.7,3.0,3.1,3.1,3.0,2.9,2.8,2.8,2.9,3.1,3.3,3.4,3.5,3.6,3.4,22:00,3.6,11:04,3.1,15:46,2.8,04:50,1.8
12,2,3.2,2.9,2.6,2.3,2.0,1.7,1.7,1.7,1.9,2.2,2.6,2.9,3.0,3.1,3.2,3.1,3.1,3.1,3.1,3.2,3.3,3.4,3.4,3.4,22:24,3.5,14:18,3.2,16:44,3.0,06:03,1.7
13,2,3.3,3.0,2.8,2.6,2.2,1.9,1.6,1.5,1.5,1.7,2.1,2.6,2.9,3.1,3.3,3.4,3.3,3.3,3.2,3.2,3.2,3.2,3.3,3.4,15:17,3.4,23:20,3.4,20:24,3.2,07:23,1.5
14,2,3.3,3.2,3.0,2.8,2.5,2.1,1.7,1.5,1.3,1.4,1.6,2.1,2.6,3.0,3.3,3.5,3.6,3.5,3.4,3.3,3.2,3.1,3.1,3.2,16:00,3.6,,,21:22,3.1,08:22,1.3
15,2,3.3,3.3,3.2,3.1,2.8,2.4,2.0,1.6,1.3,1.1,1.3,1.7,2.3,2.8,3.2,3.5,3.7,3.7,3.6,3.4,3.2,3.0,2.9,3.1,17:00,3.7,00:19,3.4,22:00,2.9,09:09,1.1
16,2,3.3,3.4,3.4,3.3,3.1,2.8,2.4,1.9,1.5,1.1,1.0,1.3,1.9,2.5,3.0,3.4,3.6,3.8,3.7,3.5,3.3,3.1,2.8,2.8,17:07,3.8,01:17,3.4,22:35,2.8,09:52,1.0
17,2,3.1,3.4,3.5,3.5,3.4,3.2,2.8,2.3,1.8,1.4,1.0,1.0,1.5,2.2,2.8,3.2,3.6,3.8,3.8,3.7,3.4,3.2,2.8,2.6,18:00,3.8,02:15,3.5,23:11,2.6,10:33,1.0
18,2,2.7,3.1,3.5,3.6,3.6,3.5,3.2,2.8,2.2,1.7,1.3,1.0,1.1,1.8,2.5,3.1,3.5,3.7,3.9,3.8,3.5,3.2,2.9,2.5,18:05,3.9,03:16,3.6,23:47,2.4,11:13,1.0
19,2,2.4,2.7,3.3,3.6,3.8,3.7,3.6,3.3,2.7,2.2,1.7,1.2,1.0,1.4,2.2,2.9,3.4,3.7,3.9,3.9,3.6,3.3,2.9,2.5,18:30,3.9,04:28,3.8,,,11:52,1.0
20,2,2.2,2.2,2.8,3.4,3.8,3.9,3.9,3.7,3.3,2.7,2.1,1.6,1.2,1.2,1.8,2.6,3.3,3.6,3.8,3.9,3.7,3.4,3.0,2.6,06:00,3.9,19:00,3.9,00:24,2.1,12:31,1.1
21,2,2.1,1.9,2.1,2.8,3.5,3.8,4.0,4.0,3.7,3.2,2.6,2.1,1.6,1.3,1.5,2.3,3.1,3.6,3.8,3.9,3.8,3.5,3.0,2.6,07:00,4.0,19:00,3.9,01:00,1.9,13:09,1.3
22,2,2.2,1.8,1.7,2.1,2.9,3.5,3.8,4.0,3.9,3.6,3.1,2.6,2.1,1.8,1.6,2.0,2.7,3.4,3.8,3.9,3.9,3.6,3.2,2.7,07:25,4.0,19:13,3.9,01:42,1.7,13:49,1.6
23,2,2.3,1.9,1.5,1.6,2.1,2.8,3.4,3.7,3.9,3.8,3.5,3.0,2.6,2.3,2.0,2.0,2.4,3.1,3.6,3.9,3.9,3.7,3.4,2.9,08:19,3.9,20:00,3.9,14:30,2.0,02:26,1.5
24,2,2.5,2.0,1.7,1.4,1.5,2.0,2.6,3.2,3.5,3.7,3.6,3.4,3.1,2.8,2.5,2.4,2.4,2.8,3.3,3.7,3.8,3.8,3.5,3.2,20:10,3.8,09:19,3.7,15:18,2.3,03:16,1.4
25,2,2.7,2.3,1.9,1.5,1.3,1.4,1.8,2.4,2.9,3.3,3.5,3.5,3.4,3.2,3.0,2.8,2.7,2.7,3.0,3.3,3.6,3.7,3.6,3.4,21:00,3.7,11:00,3.5,16:19,2.7,04:16,1.3
26,2,3.1,2.7,2.3,1.9,1.5,1.2,1.2,1.5,2.1,2.6,3.0,3.3,3.4,3.5,3.4,3.3,3.1,2.9,2.9,3.0,3.2,3.5,3.6,3.5,22:02,3.6,13:00,3.5,17:51,2.9,05:29,1.2
27,2,3.3,3.1,2.8,2.4,1.9,1.4,1.1,1.0,1.2,1.8,2.4,2.9,3.2,3.5,3.6,3.6,3.5,3.3,3.1,2.9,2.9,3.0,3.3,3.5,14:27,3.6,23:17,3.5,19:37,2.9,06:48,1.0
28,2,3.4,3.3,3.2,2.9,2.4,1.9,1.4,0.9,0.8,1.0,1.6,2.3,2.9,3.3,3.6,3.8,3.8,3.6,3.3,3.0,2.7,2.7,2.9,3.2,15:20,3.8,,,20:46,2.7,07:57,0.8
1,3,3.4,3.5,3.4,3.3,3.0,2.4,1.9,1.3,0.8,0.6,0.9,1.7,2.4,3.0,3.4,3.8,3.9,3.8,3.6,3.3,2.9,2.5,2.5,2.8,16:02,3.9,01:00,3.5,21:38,2.4,08:54,0.6
2,3,3.2,3.5,3.6,3.6,3.4,3.0,2.4,1.8,1.2,0.7,0.6,1.1,1.9,2.6,3.2,3.6,3.9,4.0,3.8,3.5,3.1,2.6,2.3,2.3,17:00,4.0,03:00,3.6,22:23,2.2,09:44,0.6
3,3,2.8,3.3,3.5,3.7,3.7,3.5,3.0,2.4,1.8,1.2,0.7,0.8,1.4,2.2,2.9,3.4,3.8,4.0,3.9,3.7,3.3,2.9,2.3,2.0,17:14,4.0,04:00,3.7,23:05,2.0,10:29,0.7
4,3,2.3,2.8,3.3,3.6,3.8,3.8,3.5,3.0,2.4,1.8,1.2,0.9,1.1,1.8,2.6,3.2,3.6,3.9,4.0,3.8,3.4,3.0,2.5,2.0,18:00,4.0,04:31,3.8,23:44,1.9,11:11,0.9
5,3,1.9,2.3,3.0,3.4,3.7,3.8,3.8,3.4,2.9,2.3,1.8,1.3,1.1,1.5,2.3,3.0,3.5,3.8,3.9,3.8,3.5,3.1,2.7,2.2,18:11,3.9,05:15,3.8,,,11:48,1.1
6,3,1.8,1.9,2.4,3.1,3.5,3.8,3.9,3.7,3.3,2.8,2.3,1.8,1.4,1.5,2.1,2.8,3.4,3.7,3.9,3.9,3.6,3.2,2.8,2.3,06:00,3.9,18:28,3.9,00:20,1.8,12:21,1.4
7,3,1.8,1.7,2.0,2.6,3.2,3.6,3.8,3.8,3.6,3.1,2.6,2.2,1.8,1.7,2.0,2.7,3.3,3.7,3.8,3.8,3.7,3.3,2.8,2.4,07:00,3.8,19:00,3.8,00:53,1.7,12:49,1.7
8,3,1.9,1.6,1.7,2.1,2.7,3.2,3.6,3.7,3.7,3.3,2.9,2.5,2.2,2.0,2.1,2.6,3.1,3.6,3.8,3.8,3.7,3.3,2.9,2.4,19:00,3.8,07:14,3.7,13:13,2.0,01:24,1.6
9,3,2.0,1.7,1.5,1.8,2.3,2.8,3.2,3.5,3.6,3.4,3.1,2.7,2.5,2.3,2.3,2.5,3.0,3.5,3.7,3.8,3.7,3.4,3.0,2.5,19:00,3.8,08:00,3.6,13:34,2.2,01:55,1.5
10,3,2.1,1.8,1.5,1.6,1.9,2.4,2.8,3.1,3.4,3.4,3.2,2.9,2.7,2.5,2.5,2.6,2.9,3.3,3.6,3.7,3.6,3.4,3.0,2.6,19:01,3.7,09:00,3.4,13:57,2.5,02:27,1.5
11,3,2.2,1.9,1.6,1.5,1.6,1.9,2.3,2.7,3.0,3.2,3.2,3.0,2.9,2.8,2.7,2.7,2.9,3.2,3.5,3.6,3.5,3.4,3.1,2.7,19:10,3.6,10:00,3.2,14:25,2.7,03:06,1.5
12,3,2.4,2.1,1.8,1.6,1.5,1.6,1.9,2.2,2.5,2.8,3.0,3.0,3.0,3.0,3.0,2.9,3.0,3.1,3.3,3.4,3.4,3.3,3.1,2.9,19:15,3.4,11:00,3.0,15:00,2.9,03:55,1.5
13,3,2.6,2.3,2.1,1.8,1.6,1.5,1.6,1.8,2.0,2.4,2.7,2.9,3.0,3.1,3.1,3.1,3.1,3.1,3.2,3.2,3.2,3.1,3.1,3.0,19:05,3.2,,,,,05:00,1.5
14,3,2.8,2.6,2.4,2.2,1.9,1.6,1.5,1.5,1.6,1.9,2.3,2.7,2.9,3.1,3.3,3.4,3.4,3.2,3.2,3.1,3.0,3.0,3.0,3.0,15:11,3.4,,,,,06:23,1.5
15,3,2.9,2.8,2.7,2.5,2.2,1.9,1.6,1.4,1.3,1.5,1.9,2.3,2.8,3.1,3.3,3.5,3.5,3.4,3.2,3.0,2.9,2.8,2.8,2.9,16:00,3.5,,,21:16,2.8,07:42,1.3
16,3,3.0,3.0,3.0,2.9,2.6,2.3,1.8,1.5,1.3,1.2,1.5,2.0,2.5,3.0,3.3,3.6,3.7,3.6,3.4,3.1,2.8,2.6,2.6,2.7,16:03,3.7,00:27,3.0,21:40,2.5,08:37,1.2
17,3,3.0,3.2,3.2,3.2,3.1,2.7,2.3,1.8,1.4,1.2,1.2,1.6,2.3,2.8,3.2,3.5,3.7,3.7,3.5,3.2,2.9,2.5,2.3,2.4,16:27,3.7,02:19,3.2,22:10,2.3,09:24,1.1
18,3,2.8,3.2,3.4,3.4,3.4,3.2,2.8,2.3,1.8,1.4,1.2,1.3,1.9,2.6,3.1,3.5,3.7,3.7,3.6,3.3,3.0,2.6,2.2,2.1,17:00,3.7,03:20,3.5,22:44,2.1,10:07,1.2
19,3,2.4,3.0,3.4,3.6,3.7,3.6,3.3,2.8,2.3,1.8,1.4,1.2,1.6,2.4,3.0,3.4,3.6,3.8,3.7,3.4,3.0,2.6,2.2,1.8,17:11,3.8,04:09,3.7,23:20,1.8,10:48,1.2
20,3,1.9,2.5,3.2,3.6,3.8,3.9,3.7,3.3,2.8,2.3,1.8,1.4,1.4,2.0,2.8,3.4,3.7,3.8,3.8,3.5,3.1,2.7,2.2,1.8,05:00,3.9,17:27,3.8,23:57,1.5,11:29,1.4
21,3,1.5,1.9,2.6,3.4,3.8,4.0,4.0,3.8,3.3,2.8,2.3,1.8,1.5,1.8,2.5,3.3,3.7,3.8,3.8,3.7,3.3,2.8,2.3,1.8,06:00,4.0,17:23,3.8,12:08,1.5,,
22,3,1.4,1.3,1.9,2.8,3.5,3.9,4.0,4.0,3.8,3.2,2.7,2.3,1.9,1.8,2.2,2.9,3.6,3.9,3.9,3.8,3.4,2.9,2.4,1.9,07:00,4.0,17:26,3.9,12:48,1.8,00:36,1.3
23,3,1.4,1.1,1.3,2.0,2.8,3.5,3.8,4.0,4.0,3.6,3.2,2.7,2.4,2.1,2.1,2.6,3.3,3.8,3.9,3.8,3.6,3.2,2.6,2.1,07:22,4.0,18:00,3.9,13:28,2.0,01:16,1.1
24,3,1.6,1.2,1.0,1.2,2.0,2.8,3.4,3.7,3.9,3.8,3.5,3.1,2.8,2.5,2.3,2.5,3.0,3.5,3.9,3.9,3.7,3.4,2.9,2.3,08:14,3.9,19:00,3.9,14:10,2.3,02:00,1.0
25,3,1.8,1.4,1.1,0.9,1.3,1.9,2.6,3.2,3.5,3.7,3.6,3.4,3.1,2.9,2.7,2.6,2.7,3.1,3.6,3.7,3.7,3.5,3.1,2.7,09:12,3.7,19:14,3.7,14:59,2.6,02:49,0.9
26,3,2.2,1.8,1.4,1.0,1.0,1.2,1.8,2.4,2.9,3.3,3.4,3.4,3.3,3.2,3.1,2.9,2.8,2.9,3.1,3.4,3.5,3.5,3.3,3.0,10:27,3.5,20:13,3.5,16:07,2.8,03:46,0.9
27,3,2.6,2.2,1.8,1.4,1.1,1.0,1.1,1.6,2.2,2.7,3.1,3.3,3.4,3.4,3.4,3.3,3.1,2.9,2.9,2.9,3.1,3.3,3.3,3.1,13:00,3.4,22:00,3.3,17:52,2.9,04:56,1.0
28,3,2.9,2.7,2.4,2.0,1.5,1.2,0.9,1.0,1.4,2.0,2.6,3.0,3.3,3.5,3.6,3.5,3.4,3.1,2.8,2.6,2.6,2.8,3.1,3.2,14:08,3.6,23:17,3.2,19:31,2.6,06:16,0.9
29,3,3.1,3.1,2.9,2.6,1.0,1.6,1.2,0.9,0.9,1.3,2.0,2.6,3.1,3.4,3.7,3.8,3.6,3.3,3.0,2.6,2.3,2.3,2.6,3.0,15:00,3.8,,,20:30,2.3,07:29,0.9
30,3,3.2,3.3,3.3,3.1,2.8,2.2,1.7,1.2,0.9,0.9,1.4,2.1,2.7,3.2,3.6,3.8,3.8,3.6,3.2,2.8,2.3,2.0,2.1,2.5,15:25,3.9,02:00,3.3,21:17,2.0,08:28,0.8
31,3,3.0,3.3,3.4,3.5,3.3,2.9,1.3,1.8,1.2,0.9,1.0,1.6,2.4,3.0,3.5,3.8,3.9,3.7,3.4,2.9,2.4,1.9,1.7,2.0,16:00,3.9,03:00,3.5,21:59,1.7,09:18,0.9
1,4,2.6,3.1,3.4,3.6,3.7,3.4,2.9,2.3,1.8,1.3,1.1,1.3,2.0,2.8,3.3,3.7,3.9,3.9,3.6,3.1,2.6,2.1,1.6,1.6,16:25,3.9,04:00,3.7,22:38,1.5,10:00,1.1
2,4,2.0,2.7,3.3,3.6,3.8,3.7,3.4,2.9,2.4,1.9,1.4,1.3,1.8,2.5,3.2,3.6,3.8,3.9,3.7,3.3,2.8,2.3,1.8,1.4,17:00,3.9,04:21,3.8,23:15,1.4,10:43,1.3
3,4,1.6,2.2,2.9,3.4,3.7,3.8,3.7,3.3,2.8,2.4,1.9,1.6,1.7,2.3,3.0,3.5,3.8,3.8,3.7,3.4,2.9,2.4,1.9,1.5,05:00,3.8,17:00,3.8,11:19,1.6,23:50,1.3
4,4,1.3,1.7,2.4,3.1,3.5,3.8,3.8,3.6,3.2,2.8,2.4,2.0,1.9,2.2,2.8,3.4,3.7,3.8,3.7,3.5,3.0,2.5,2.1,1.6,06:00,3.8,17:04,3.8,11:52,1.9,,
5,4,1.3,1.3,1.9,2.6,3.2,3.6,3.8,3.7,3.5,3.1,2.7,2.4,2.2,2.2,2.7,3.3,3.7,3.8,3.7,3.5,3.1,2.6,2.1,1.7,06:24,3.8,17:04,3.8,12:20,2.2,00:22,1.2
6,4,1.3,1.2,1.5,2.1,2.8,3.3,3.6,3.7,3.6,3.3,2.9,2.6,2.4,2.4,2.6,3.1,3.6,3.8,3.7,3.5,3.2,2.7,2.2,1.8,17:15,3.8,07:04,3.7,12:45,2.4,00:52,1.2
7,4,1.4,1.2,1.2,1.7,2.3,2.9,3.3,3.5,3.6,3.4,3.1,2.8,2.6,2.5,2.6,3.0,3.4,3.7,3.7,3.5,3.3,2.8,2.3,1.9,18:00,3.7,08:00,3.6,13:10,2.5,01:21,1.1
8,4,1.5,1.2,1.1,1.3,1.9,2.4,2.9,3.2,3.4,3.4,3.2,3.0,2.8,2.7,2.7,2.9,3.2,3.5,3.6,3.5,3.2,2.9,2.5,2.0,18:00,3.6,09:00,3.4,13:40,2.7,01:53,1.1
9,4,1.7,1.4,1.2,1.2,1.5,2.0,2.4,2.8,3.0,3.2,3.2,3.1,3.0,2.9,2.9,2.9,3.1,3.3,3.4,3.4,3.2,2.9,2.6,2.2,18:05,3.4,09:24,3.2,14:21,2.9,02:31,1.2
10,4,1.9,1.6,1.4,1.3,1.3,1.6,2.0,2.3,2.6,2.9,3.1,3.1,3.1,3.1,3.1,3.0,3.0,3.1,3.2,3.2,3.1,2.9,2.7,2.4,11:00,3.1,,,,,03:19,1.2
11,4,2.2,1.9,1.7,1.5,1.3,1.4,1.6,1.9,2.2,2.5,2.8,3.0,3.1,3.2,3.3,3.2,3.1,3.0,3.0,3.0,2.9,2.8,2.7,2.6,14:05,3.3,,,,,04:20,1.3
12,4,2.4,2.3,2.1,1.9,1.6,1.4,1.4,1.5,1.8,2.2,2.5,2.9,3.1,3.3,3.4,3.4,3.3,3.1,2.9,2.8,2.7,2.7,2.7,2.7,15:00,3.4,,,,,05:33,1.4
13,4,2.7,2.6,2.5,2.3,2.0,1.7,1.4,1.4,1.5,1.8,2.2,2.7,3.0,3.3,3.5,3.5,3.4,3.2,2.9,2.6,2.4,2.4,2.5,2.7,15:00,3.5,,,20:41,2.4,06:53,1.4
14,4,2.8,2.9,2.9,2.8,2.5,2.1,1.8,1.5,1.4,1.5,1.9,2.4,2.9,3.2,3.5,3.6,3.6,3.3,3.0,2.6,2.3,2.1,2.2,2.5,15:16,3.6,02:00,2.9,21:06,2.1,07:59,1.4
15,4,2.9,3.1,3.2,3.2,3.1,2.7,2.2,1.8,1.5,1.4,1.6,2.2,2.7,3.2,3.4,3.6,3.6,3.4,3.1,2.7,2.2,1.9,1.8,2.2,16:00,3.6,03:00,3.2,21:39,1.8,08:51,1.4
16,4,2.7,3.1,3.4,3.5,3.5,3.2,2.8,2.3,1.9,1.6,1.5,1.9,2.5,3.1,3.4,3.6,3.7,3.5,3.2,2.7,2.3,1.8,1.5,1.7,16:00,3.7,03:25,3.5,09:38,1.5,22:16,1.5
17,4,2.2,2.9,3.4,3.6,3.8,3.7,3.3,2.8,2.4,2.0,1.7,1.7,2.3,3.0,3.5,3.7,3.7,3.6,3.3,2.9,2.4,1.9,1.4,1.3,04:09,3.8,16:00,3.7,10:23,1.6,22:54,1.2
18,4,1.6,2.4,3.1,3.6,3.8,3.9,3.8,3.3,2.9,2.5,2.1,1.8,2.0,2.7,3.4,3.7,3.8,3.7,3.5,3.0,2.5,2.0,1.5,1.1,05:00,3.9,16:00,3.8,11:06,1.8,23:33,1.0
19,4,1.1,1.6,2.6,3.3,3.7,3.9,4.0,3.8,3.3,2.9,2.5,2.2,2.0,2.4,3.1,3.7,3.9,3.8,3.6,3.2,2.7,2.1,1.6,1.1,06:00,4.0,16:00,3.9,11:49,2.0,,
20,4,0.8,1.0,1.7,2.7,3.4,3.7,4.0,4.0,3.7,3.3,2.9,2.6,2.3,2.3,2.8,3.5,3.9,3.9,3.7,3.4,3.0,2.3,1.8,1.3,07:00,4.0,17:00,3.9,12:31,2.2,00:14,0.8
21,4,0.8,0.6,1.0,1.8,2.7,3.4,3.7,3.9,3.9,3.6,3.2,2.9,2.6,2.4,2.5,3.1,3.7,3.9,3.8,3.6,3.2,2.7,2.1,1.5,07:23,3.9,17:07,3.9,13:13,2.4,00:56,0.6
22,4,1.0,0.7,0.6,1.1,1.9,2.7,3.3,3.6,3.8,3.7,3.4,3.2,2.9,2.7,2.6,2.8,3.3,3.7,3.8,3.6,3.4,3.0,2.4,1.9,08:15,3.8,18:00,3.8,13:59,2.6,01:40,0.5
23,4,1.4,0.9,0.6,0.7,1.2,1.9,2.6,3.1,3.4,3.6,3.5,3.4,3.2,3.0,2.8,2.7,2.9,3.3,3.5,3.6,3.4,3.1,2.7,2.3,09:12,3.6,19:00,3.6,14:52,2.7,02:27,0.6
24,4,1.8,1.4,1.0,0.7,0.8,1.2,1.9,2.5,3.0,3.3,3.4,3.4,3.3,3.2,3.1,2.9,2.8,2.9,3.1,3.2,3.3,3.2,3.0,2.6,10:22,3.5,20:00,3.3,16:03,2.8,03:21,0.7
25,4,2.3,1.9,1.5,1.1,0.9,0.9,1.3,1.8,2.4,2.9,3.2,3.4,3.4,3.4,3.3,3.1,2.9,2.7,2.6,2.7,2.9,3.0,3.0,2.9,12:11,3.4,21:29,3.0,17:43,2.6,04:24,0.8
26,4,2.7,2.4,2.1,1.7,1.3,1.0,1.0,1.3,1.8,2.3,2.9,3.2,3.4,3.5,3.5,3.3,3.0,2.7,2.4,2.3,2.4,2.6,2.8,3.0,13:23,3.5,23:26,3.0,19:10,2.3,05:38,1.0
27,4,3.0,2.9,2.7,2.3,1.9,1.5,1.2,1.1,1.3,1.8,2.4,3.0,3.3,3.5,3.7,3.6,3.3,2.9,2.5,2.1,1.9,2.0,2.4,2.8,14:04,3.7,,,20:05,1.9,06:51,1.1
28,4,3.0,3.1,3.1,2.9,2.5,2.0,1.6,1.3,1.2,1.4,2.0,2.7,3.2,3.5,3.7,3.7,3.5,3.1,2.6,2.1,1.7,1.6,1.9,2.4,15:00,3.7,01:31,3.1,20:49,1.6,07:53,1.2
29,4,2.9,3.2,3.3,3.4,3.1,2.6,2.2,1.8,1.4,1.4,1.7,2.4,3.0,3.4,3.7,3.8,3.7,3.3,2.8,2.3,1.7,1.4,1.4,1.8,15:00,3.8,03:00,3.4,08:45,1.3,21:30,1.3
30,4,2.5,3.0,3.4,3.5,3.5,3.2,2.7,2.3,1.9,1.6,1.6,2.1,2.8,3.3,3.6,3.8,3.8,3.5,3.0,2.4,1.9,1.4,1.1,1.3,15:24,3.8,03:21,3.6,09:30,1.6,22:08,1.1
1,5,2.0,2.7,3.2,3.5,3.7,3.5,3.2,2.7,2.4,2.1,1.9,2.0,2.5,3.2,3.6,3.8,3.8,3.6,3.2,2.6,2.1,1.6,1.1,1.0,16:00,3.8,04:05,3.7,10:11,1.8,22:45,1.0
2,5,1.4,2.2,2.9,3.4,3.6,3.7,3.5,3.1,2.8,2.5,2.2,2.1,2.4,3.0,3.5,3.7,3.7,3.6,3.3,2.8,2.2,1.7,1.3,0.9,05:00,3.7,16:00,3.7,10:48,2.1,23:19,0.9
3,5,1.0,1.6,2.4,3.1,3.4,3.7,3.7,3.4,3.1,2.8,2.6,2.4,2.4,2.8,3.4,3.7,3.7,3.6,3.4,2.9,2.4,1.9,1.4,1.0,06:00,3.7,16:00,3.7,11:23,2.3,23:52,0.9
4,5,0.9,1.2,1.9,2.6,3.2,3.5,3.7,3.6,3.3,3.1,2.8,2.6,2.5,2.7,3.2,3.6,3.7,3.6,3.4,3.0,2.6,2.0,1.5,1.1,06:16,3.7,16:00,3.7,11:55,2.5,,
5,5,0.8,0.9,1.4,2.1,2.8,3.2,3.5,3.6,3.5,3.2,3.0,2.8,2.7,2.7,3.0,3.4,3.7,3.6,3.4,3.1,2.7,2.2,1.7,1.3,16:18,3.7,07:00,3.6,12:28,2.6,00:23,0.8
6,5,0.9,0.8,1.0,1.7,2.3,2.9,3.2,3.4,3.5,3.4,3.1,3.0,2.8,2.7,2.9,3.2,3.5,3.6,3.4,3.1,2.8,2.3,1.8,1.4,17:00,3.6,08:00,3.5,13:00,2.7,00:55,0.8
7,5,1.1,0.8,0.8,1.2,1.9,2.5,2.9,3.2,3.4,3.4,3.2,3.1,3.0,2.8,2.8,3.0,3.3,3.4,3.4,3.1,2.9,2.5,21.0,1.6,09:00,3.4,17:08,3.4,13:44,2.8,01:29,0.8
8,5,1.3,1.0,0.8,1.0,1.5,2.0,2.5,2.8,3.1,3.3,3.3,3.2,3.1,3.0,2.9,2.9,3.0,3.2,3.2,3.1,2.9,2.6,2.3,1.9,09:21,3.3,18:00,3.2,14:37,2.8,02:08,0.8
9,5,1.6,1.3,1.1,1.0,1.2,1.6,2.1,2.5,2.8,3.1,3.2,3.2,3.2,3.1,3.0,2.9,2.8,2.9,3.0,3.0,2.8,2.7,2.5,2.2,10:24,3.2,18:09,3.0,15:46,2.8,02:54,1.0
10,5,1.9,1.7,1.5,1.2,1.1,1.3,1.7,2.1,2.5,2.8,3.1,3.2,3.2,3.3,3.2,3.0,2.8,2.7,2.7,2.7,2.7,2.7,2.6,2.5,13:00,3.3,,,,,03:50,1.1
11,5,2.3,2.1,1.9,1.7,1.4,1.3,1.4,1.8,2.1,2.5,2.9,3.1,3.3,3.3,3.3,3.2,2.9,2.6,2.4,2.4,2.4,2.5,2.6,2.7,13:28,3.3,23:23,2.7,19:08,2.4,04:54,1.3
12,5,2.7,2.6,2.4,2.2,1.9,1.6,1.4,1.5,1.8,2.2,2.6,3.0,3.3,3.4,3.4,3.3,3.1,2.7,2.3,2.1,2.0,2.1,2.4,2.7,14:00,3.4,,,19:49,2.0,06:05,1.4
13,5,2.8,2.9,2.9,2.8,2.4,2.0,1.7,1.6,1.6,1.9,2.4,2.9,3.2,3.4,3.5,3.5,3.2,2.8,2.4,1.9,1.7,1.7,2.0,2.5,14:15,3.5,01:21,2.9,20:27,1.7,07:14,1.5
14,5,2.9,3.1,3.2,3.2,3.0,2.6,2.2,1.9,1.7,1.8,2.2,2.7,3.2,3.4,3.5,3.5,3.4,3.0,2.5,2.0,1.5,1.3,1.5,2.0,14:32,3.6,02:26,3.3,08:15,1.7,21:07,1.3
15,5,2.6,3.1,3.4,3.5,3.5,3.2,2.8,2.4,2.0,1.9,2.0,2.5,3.1,3.5,3.6,3.6,3.5,3.1,2.6,2.1,1.6,1.2,1.0,1.4,15:00,3.6,03:17,3.5,09:09,1.9,21:49,1.0
16,5,2.1,2.8,3.3,3.6,3.7,3.6,3.3,2.9,2.5,2.2,2.0,2.3,2.9,3.4,3.7,3.7,3.6,3.3,2.8,2.3,1.7,1.2,0.8,0.8,04:05,3.7,14:25,3.7,10:00,2.0,22:31,0.7
17,5,1.4,2.3,3.0,3.5,3.7,3.8,3.7,3.3,3.0,2.7,2.4,2.2,2.6,3.2,3.7,3.8,3.6,3.4,3.0,2.5,1.9,1.4,0.9,0.5,05:00,3.8,15:00,3.8,10:48,2.2,23:14,0.5
18,5,0.7,1.5,2.4,3.1,3.5,3.8,3.9,3.7,3.4,3.1,2.8,2.5,2.4,2.9,3.5,3.8,3.8,3.6,3.3,2.8,2.2,1.6,1.1,0.6,06:00,3.9,15:17,3.8,11:34,2.4,23:57,0.3
19,5,0.3,0.7,1.6,2.5,3.1,3.5,3.8,3.8,3.6,3.4,3.1,2.8,2.5,2.6,3.1,3.7,3.8,3.7,3.4,3.1,2.5,1.9,1.4,0.8,07:00,3.8,16:00,3.8,12:20,2.5,,
20,5,0.4,0.3,0.8,1.8,2.6,3.1,3.5,3.8,3.8,3.6,3.3,3.1,2.8,2.6,2.8,3.3,3.7,3.7,3.5,3.3,2.9,2.3,1.7,1.2,08:00,3.8,17:00,3.7,13:06,2.6,00:40,0.2
21,5,0.7,0.3,0.4,1.0,1.9,2.6,3.1,3.5,3.7,3.6,3.5,3.2,3.0,2.7,2.6,2.8,3.3,3.6,3.5,3.4,3.1,2.7,2.1,1.6,08:20,3.7,17:25,3.6,13:54,2.6,01:24,0.3
22,5,1.1,0.6,0.4,0.5,1.2,2.0,2.6,3.1,3.4,3.6,3.5,3.3,3.2,2.9,2.7,2.6,2.8,3.1,3.3,3.3,3.2,2.9,2.5,2.0,09:09,3.6,18:23,3.3,14:48,2.6,02:09,0.4
23,5,1.6,1.1,0.7,0.6,0.8,1.4,2.1,2.7,3.1,3.4,3.5,3.4,3.3,3.1,2.9,2.6,2.5,2.6,2.9,3.0,3.1,3.0,2.8,2.5,10:01,3.5,20:00,3.1,15:52,2.5,02:57,0.6
14,5,2.1,1.7,1.3,0.9,0.8,1.1,1.6,2.2,2.7,3.1,3.4,3.4,3.4,3.2,3.0,2.7,2.5,2.3,2.4,2.5,2.7,2.9,2.9,2.7,11:00,3.4,22:00,2.9,17:13,2.3,03:50,0.8
25,5,2.5,2.2,1.9,1.5,1.2,1.1,1.3,1.7,2.3,2.8,3.2,3.4,3.4,3.4,3.2,2.9,2.5,2.2,2.0,2.0,2.2,2.5,2.8,2.9,12:03,3.4,23:08,2.9,18:33,2.0,04:49,1.1
26,5,2.8,2.7,2.4,2.1,1.7,1.5,1.4,1.5,1.9,2.4,3.0,3.3,3.5,3.5,3.4,3.1,2.7,2.3,1.9,1.7,1.7,2.0,2.4,2.7,13:00,3.5,,,19:30,1.6,05:56,1.4
27,5,2.9,3.0,2.9,2.7,2.3,1.9,1.7,1.6,1.7,2.1,2.7,3.2,3.4,3.5,3.5,3.3,2.9,2.4,2.0,1.6,1.3,1.4,1.8,2.4,13:26,3.6,01:00,3.0,07:00,1.6,20:17,1.3
28,5,2.8,3.1,3.2,3.1,2.8,2.4,2.1,1.9,1.9,2.0,2.4,3.0,3.4,3.6,3.6,3.5,3.2,2.6,2.1,1.6,1.2,1.0,1.3,1.9,14:00,3.6,02:11,3.2,08:00,1.9,20:59,1.0
29,5,2.5,3.0,3.2,3.3,3.2,2.9,2.6,2.3,2.2,2.1,2.3,2.8,3.3,3.6,3.6,3.6,3.3,2.9,2.3,1.8,1.3,0.9,0.9,1.3,14:00,3.6,03:04,3.3,08:53,2.1,21:39,0.9
30,5,2.0,2.7,3.1,3.4,3.4,3.3,3.0,2.7,2.5,2.3,2.3,2.6,3.1,3.5,3.7,3.6,3.4,3.1,2.5,2.0,1.5,1.0,0.8,0.9,14:05,3.7,04:00,3.4,09:38,2.3,22:16,0.7
31,5,1.5,2.2,2.8,3.2,3.4,3.5,3.3,3.0,2.8,2.6,2.5,2.6,2.9,3.4,3.6,3.6,3.5,3.2,2.7,2.2,1.6,1.2,0.8,0.7,14:25,3.7,05:00,3.5,10:21,2.5,22:51,0.7
1,6,1.0,1.7,2.4,3.0,3.3,3.5,3.5,3.3,3.1,2.9,2.7,2.6,2.8,3.2,3.5,3.6,3.5,3.2,2.9,2.4,1.8,1.4,0.9,0.6,15:00,3.6,05:26,3.5,11:00,2.6,23:26,0.6
2,6,0.7,1.2,1.9,2.6,3.0,3.4,3.5,3.5,3.3,3.1,2.9,2.8,2.7,3.0,3.4,3.6,3.5,3.3,3.0,2.6,2.0,1.5,1.1,0.7,15:13,3.6,06:14,3.5,11:41,2.7,23:59,0.5
3,6,0.5,0.8,1.4,2.2,2.7,3.1,3.4,3.5,3.4,3.3,3.1,2.9,2.8,2.8,3.1,3.4,3.5,3.3,3.1,2.7,2.3,1.8,1.3,0.9,07:00,3.5,16:00,3.5,12:21,2.7,,
4,6,0.6,0.6,1.0,1.7,2.4,2.8,3.2,3.4,3.5,3.4,3.2,3.0,2.8,2.7,2.9,3.2,3.4,3.3,3.1,2.9,2.5,2.0,1.5,1.1,08:00,3.5,16:15,3.4,13:00,2.7,00:34,0.5
5,6,0.8,0.5,0.7,1.3,2.0,2.5,2.9,3.2,3.4,3.4,3.3,3.1,2.9,2.7,2.7,2.9,3.2,3.3,3.1,2.9,2.7,2.3,1.9,1.4,08:24,3.5,17:00,3.3,13:45,2.7,01:10,0.5
6,6,1.0,0.7,0.6,0.9,1.5,2.2,2.6,3.0,3.3,3.4,3.3,3.2,3.0,2.8,2.6,2.6,2.8,3.0,3.1,3.0,2.8,2.6,2.2,1.8,09:04,3.4,18:00,3.1,14:34,2.6,01:49,0.6
7,6,1.4,1.1,0.8,0.8,1.2,1.8,2.3,2.7,3.1,3.3,3.3,3.3,3.1,3.0,2.7,2.5,2.5,2.7,2.8,2.9,2.8,2.7,2.5,2.2,10:00,3.3,19:00,2.9,15:31,2.5,02:33,0.8
8,6,1.9,1.6,1.2,1.0,1.1,1.5,2.0,3.0,2.8,3.1,3.3,3.3,3.2,3.1,2.9,2.6,2.3,2.3,2.4,2.6,2.7,2.7,2.7,2.6,11:00,3.3,21:30,2.7,16:36,2.3,03:22,1.0
9,6,2.3,2.1,1.8,1.5,1.3,1.3,1.7,2.1,2.6,2.9,3.2,3.3,3.3,3.2,3.0,2.7,2.3,2.1,2.0,2.1,2.3,2.5,27.0,2.8,11:18,3.3,23:07,2.8,17:48,2.0,04:19,1.3
10,6,2.7,2.6,2.4,2.1,1.8,1.6,1.6,1.9,2.3,2.7,3.1,3.3,3.3,3.3,3.2,2.9,2.5,2.1,1.7,1.6,1.8,2.1,2.5,2.8,12:03,3.3,,,18:53,1.6,05:21,1.5
11,6,2.9,3.0,2.9,2.7,2.3,2.0,1.8,1.8,2.1,2.5,2.9,3.2,3.4,3.4,3.3,3.1,2.7,2.2,1.7,1.4,1.3,1.5,2.0,2.5,13:00,3.4,01:00,3.0,06:29,1.8,19:48,1.3
12,6,2.9,3.1,3.2,3.2,2.9,2.6,2.3,2.1,2.0,2.2,2.7,3.1,3.4,3.5,3.4,3.2,2.9,2.4,1.8,1.3,1.0,0.9,1.3,2.0,13:00,3.5,02:11,3.2,07:40,2.0,20:37,0.9
13,6,2.6,3.0,3.3,3.5,3.4,3.1,2.8,2.5,2.3,2.2,2.5,2.9,3.4,3.6,3.5,3.4,3.1,2.6,2.1,1.5,1.0,0.6,0.7,1.2,13:14,3.6,03:10,3.5,08:45,2.2,21:25,0.6
14,6,2.0,2.7,3.2,3.5,3.6,3.5,3.2,3.0,2.7,2.4,2.4,2.7,3.2,3.6,3.6,3.5,3.3,2.9,2.4,1.8,1.2,0.7,0.3,0.5,04:05,3.6,14:00,3.6,09:43,2.4,22:12,0.3
15,6,1.3,2.1,2.8,3.3,3.6,3.7,3.6,3.3,3.1,2.8,2.5,2.5,2.9,3.4,3.7,3.6,3.4,3.2,2.7,2.1,1.5,0.9,0.4,0.2,05:00,3.7,14:13,3.7,10:36,2.5,22:58,0.2
16,6,0.5,1.4,2.3,2.9,3.3,3.6,3.7,3.6,3.4,3.2,2.9,2.6,2.6,3.1,3.5,3.7,3.5,3.3,3.0,2.5,1.9,1.3,0.7,0.2,06:00,3.7,15:00,3.7,11:26,2.5,23:43,0.0
17,6,0.1,0.6,1.5,2.4,2.9,3.4,3.7,3.7,3.6,3.4,3.2,2.8,2.6,2.7,3.2,3.6,3.6,3.4,3.2,2.9,2.3,1.7,1.1,0.6,07:00,3.7,16:00,3.6,,,12:14,2.5
18,6,0.1,0.1,0.8,1.7,2.5,3.0,3.4,3.7,3.7,3.5,3.3,3.1,2.7,2.5,2.7,3.2,3.5,3.5,3.3,3.1,2.7,2.1,1.6,1.0,08:00,3.7,16:26,3.5,00:27,0.0,13:00,2.5
19,6,0.5,0.1,0.4,1.1,2.0,2.6,3.1,3.5,3.7,3.6,3.4,3.2,2.9,2.5,2.4,2.7,3.1,3.3,3.3,3.2,3.0,,2.0,1.5,08:13,3.7,17:25,3.4,13:46,2.4,01:10,0.1
20,6,0.9,0.5,0.3,0.7,1.4,2.2,2.8,3.2,3.5,3.6,3.5,3.2,3.0,2.6,2.3,2.3,2.6,3.0,3.2,3.2,3.1,2.9,2.4,1.9,09:00,3.6,19:00,3.2,14:34,2.3,01:51,0.3
21,6,1.4,1.0,0.7,0.7,1.1,1.8,2.4,2.9,3.3,3.5,3.5,3.3,3.1,2.8,2.4,2.2,2.2,2.4,2.7,2.9,3.0,3.0,2.7,2.4,09:22,3.5,20:10,3.0,15:27,2.1,02:32,0.6
22,6,1.9,1.5,1.2,1.0,1.1,1.5,2.1,2.6,3.1,3.4,3.4,3.3,3.1,2.9,2.6,2.2,2.0,2.0,2.2,2.5,2.7,2.9,2.9,2.7,10:00,3.4,21:22,2.9,16:28,2.0,03:13,1.0
23,6,2.4,2.0,1.7,1.4,1.3,1.5,1.8,2.3,2.8,3.2,3.4,3.4,3.3,3.0,2.7,2.3,2.0,1.8,1.8,1.9,2.2,2.6,2.8,2.8,10:23,3.4,23:00,2.8,17:39,1.7,03:55,1.3
24,6,2.7,2.5,2.2,1.9,1.7,1.7,1.8,2.1,2.6,3.0,3.3,3.4,3.3,3.2,2.9,2.5,2.1,1.8,1.5,1.5,1.7,2.0,2.5,2.7,11:00,3.4,,,04:41,1.7,18:46,1.5
25,6,2.8,2.8,2.6,2.4,2.2,2.0,2.0,2.1,2.4,2.8,3.2,3.4,3.4,3.3,3.1,2.8,2.3,1.9,1.5,1.2,1.2,1.5,2.0,2.4,12:00,3.4,00:10,2.8,05:32,2.0,19:41,1.2
26,6,2.7,2.9,2.9,2.8,2.6,2.4,2.3,2.3,2.4,2.6,3.0,3.3,3.5,3.4,3.2,3.0,2.0,2.0,1.6,1.2,1.0,1.0,1.4,2.0,12:06,3.5,02:00,2.9,06:37,2.3,20:28,1.0
27,6,2.5,2.8,3.0,3.1,3.0,2.8,2.6,2.5,2.5,2.5,2.8,3.1,3.4,3.5,3.3,3.1,2.8,2.3,1.8,1.3,1.0,0.8,0.9,1.4,13:00,3.5,03:00,3.1,08:00,2.5,21:10,0.8
28,6,2.1,2.6,2.9,3.2,3.2,3.1,2.9,2.8,2.7,2.6,2.7,3.0,3.3,3.5,3.4,3.2,3.0,2.5,2.0,1.5,1.1,0.8,0.6,0.9,13:10,3.5,04:00,3.2,09:14,2.6,21:49,0.6
29,6,1.6,2.3,,3.1,3.3,3.3,3.2,3.0,2.9,2.8,2.7,2.8,3.1,3.4,3.4,3.3,3.1,2.7,2.2,1.7,1.3,0.9,0.6,0.6,14:00,3.4,05:00,3.3,10:00,2.7,22:26,0.5
30,6,1.1,1.8,2.4,2.9,3.2,3.4,3.3,3.2,3.1,3.0,2.8,2.7,2.9,3.2,3.4,3.3,3.1,2.9,2.5,2.0,1.5,1.1,0.7,0.5,05:25,3.4,14:12,3.4,10:52,2.7,23:00,0.5
1,7,0.7,1.3,2.0,2.6,3.0,3.3,3.4,3.4,3.3,3.1,2.9,2.8,2.7,3.0,3.3,3.4,3.2,3.0,2.7,2.3,1.8,1.3,0.9,0.5,06:12,3.4,15:00,3.4,11:33,2.7,23:38,0.4
2,7,0.5,0.9,1.6,2.3,2.8,3.1,3.4,3.5,3.4,3.2,3.1,2.8,2.6,2.7,3.1,3.3,3.3,3.1,2.9,2.6,2.1,1.6,1.1,0.7,07:00,3.5,15:25,3.3,12:13,2.6,,
3,7,0.4,0.6,1.2,1.9,2.5,2.9,3.3,3.5,3.5,3.3,3.1,2.9,2.6,2.5,2.7,3.1,3.3,3.2,3.0,2.8,2.5,2.0,1.4,1.0,07:28,3.5,16:09,3.3,12:52,2.5,00:14,0.4
4,7,0.6,0.5,0.8,1.5,2.2,2.7,3.1,3.4,3.5,3.4,3.2,3.0,2.7,2.4,2.4,2.7,3.1,3.2,3.1,3.0,2.8,2.4,1.8,1.4,08:00,3.5,17:01,3.2,13:32,2.4,00:51,0.4
5,7,0.9,0.6,0.6,1.1,1.9,2.5,2.9,3.3,3.5,3.4,3.3,3.0,2.7,2.4,2.2,2.3,2.7,3.0,3.1,3.1,3.0,2.7,2.3,1.8,08:28,3.5,18:09,3.1,14:14,2.2,01:30,0.6
6,7,1.4,1.0,0.8,0.9,1.5,2.2,2.8,3.1,3.3,3.4,3.3,3.1,2.8,2.5,2.2,2.0,2.2,2.6,2.8,3.0,3.0,3.0,2.7,2.3,09:00,3.4,,3.0,15:01,2.0,02:10,0.8
7,7,1.9,1.5,1.2,1.0,1.3,1.9,2.5,2.9,3.2,3.4,3.4,3.2,2.9,2.6,2.3,2.0,1.8,2.0,2.4,2.6,2.8,3.0,2.9,2.7,09:27,3.4,21:23,3.0,15:55,1.8,02:55,1.0
8,7,2.4,2.1,1.7,1.5,1.4,1.7,2.2,2.7,3.1,3.3,3.4,3.3,3.1,2.8,2.5,2.1,1.7,1.6,1.7,2.1,2.4,2.7,2.9,2.9,10:00,3.4,23:00,2.9,16:57,1.6,03:45,1.4
9,7,2.8,2.6,2.3,1.0,1.8,1.8,2.0,2.4,2.8,3.2,3.3,3.3,3.2,3.0,2.7,2.3,1.8,1.5,1.3,1.4,1.8,2.2,2.6,2.9,11:00,3.3,,,04:42,1.7,18:04,1.3
10,7,3.0,3.0,2.9,2.6,2.4,2.1,2.1,2.2,2.6,2.9,3.2,3.4,3.3,3.2,2.9,2.6,2.1,1.6,1.2,1.0,1.1,1.5,2.1,2.6,11:09,3.4,00:20,3.0,05:49,2.1,19:11,1.0
11,7,2.9,3.1,3.2,3.1,2.9,2.6,2.4,2.3,2.4,2.7,3.1,3.3,3.4,3.3,3.2,2.9,2.4,1.9,1.3,0.9,0.6,0.8,1.3,2.0,12:00,3.4,02:00,3.2,07:12,2.3,20:11,0.6
12,7,2.6,3.0,3.3,3.4,3.3,3.1,2.9,2.6,2.5,2.5,2.8,3.2,3.4,3.4,3.3,3.1,2.8,2.2,1.6,1.1,0.6,0.3,0.5,1.2,03:09,3.4,13:00,3.4,08:30,2.4,21:05,0.3
13,7,2.0,2.6,3.1,3.4,3.6,3.5,3.3,3.0,2.8,2.5,2.5,2.8,3.3,3.5,3.5,3.3,3.1,2.7,2.1,1.5,0.9,0.3,0.1,0.5,04:06,3.6,13:16,3.5,09:33,2.5,21:56,0.1
14,7,1.3,2.1,2.7,3.2,3.5,3.7,3.6,3.4,3.1,2.8,2.5,2.5,2.9,3.4,3.5,3.4,3.3,3.0,2.5,1.9,1.3,0.7,0.1,0.0,05:00,3.7,14:02,3.5,10:28,2.5,22:43,0.0
15,7,0.5,1.4,2.2,2.8,3.3,3.6,3.7,3.6,3.4,3.1,2.7,2.4,2.5,3.0,3.4,3.5,3.4,3.3,2.9,2.4,1.8,1.2,0.6,0.1,06:00,3.7,15:00,3.5,11:17,2.4,23:29,0.0
16,7,0.1,0.7,1.7,2.4,3.0,3.4,3.7,3.7,3.6,3.3,3.0,2.6,2.3,2.5,3.0,3.4,3.4,3.4,3.2,2.9,2.3,1.7,1.1,0.5,07:00,3.7,16:00,3.4,12:03,2.3,,
17,7,0.1,0.3,1.1,2.0,2.6,3.1,3.5,3.7,3.6,3.4,3.2,2.8,2.3,2.2,2.5,3.0,3.3,3.4,3.3,3.2,2.8,2.2,1.6,1.0,07:14,3.7,17:00,3.4,12:47,2.2,00:12,0.1
18,7,0.5,0.3,0.7,1.5,2.3,2.9,3.3,3.6,3.7,3.5,3.2,2.9,2.5,2.1,2.1,2.5,3.0,3.3,3.3,3.3,3.1,2.6,2.1,1.5,08:00,3.7,18:16,3.3,13:29,2.0,00:52,0.3
19,7,1.0,0.6,0.6,1.1,1.9,2.6,3.1,3.4,3.6,3.5,3.3,3.0,2.6,2.2,1.9,2.0,2.5,2.9,3.2,3.3,3.2,2.9,2.5,2.0,08:11,3.6,19:16,3.3,14:10,1.9,01:29,0.5
20,7,1.5,1.1,0.9,1.1,1.7,2.4,2.9,3.3,3.5,3.5,3.3,3.0,2.7,2.3,1.9,1.8,2.0,2.4,2.8,3.0,3.1,3.1,2.8,2.3,09:00,3.5,20:09,3.1,14:53,1.8,02:00,0.9
21,7,1.9,1.6,1.3,1.3,1.6,2.2,2.7,3.2,3.4,3.5,3.4,3.1,2.7,24.0,2.0,1.7,1.7,1.9,2.3,2.6,2.9,3.0,2.9,2.6,09:00,3.5,21:03,3.0,15:39,1.7,02:34,1.2
22,7,2.3,2.0,1.7,1.6,1.7,2.1,2.5,3.0,3.3,3.5,3.4,3.2,2.9,2.5,2.2,1.8,1.6,1.6,1.8,2.1,2.4,2.7,2.8,2.8,09:12,3.5,22:03,2.8,03:03,1.6,16:34,1.6
23,7,2.6,2.4,2.2,2.0,2.0,2.2,2.5,28.0,3.1,3.4,3.4,3.2,3.0,2.7,2.4,2.0,1.7,1.5,1.4,1.6,1.9,2.3,2.6,2.7,10:00,3.4,23:20,2.7,03:34,2.0,17:41,1.4
24,7,2.7,2.6,2.5,2.4,2.3,2.3,2.5,2.7,2.9,3.2,3.3,3.3,3.1,2.9,2.6,2.2,1.8,1.5,1.3,1.2,1.4,1.7,2.1,2.5,10:19,3.3,,,04:11,2.3,18:55,1.2
25,7,2.7,2.8,2.8,2.7,2.6,2.6,2.6,2.7,2.8,3.0,3.2,3.3,3.2,3.0,2.8,2.5,2.1,1.6,1.3,1.1,1.0,1.2,1.6,2.1,11:01,3.3,02:00,2.8,05:00,2.6,19:54,1.0
26,7,2.5,2.8,2.9,3.0,2.9,2.8,2.8,2.8,2.8,2.8,3.0,3.2,3.2,3.1,2.9,2.7,2.3,1.9,1.5,1.1,0.9,0.9,1.1,1.6,12:00,3.2,03:02,3.0,06:04,2.8,20:42,0.8
27,7,2.2,2.6,2.9,3.1,3.1,3.1,3.0,2.9,2.8,2.8,2.8,3.0,3.2,3.2,3.0,2.8,2.6,2.2,1.7,1.3,0.9,0.7,0.8,1.2,13:00,3.2,04:00,3.1,09:17,2.8,21:23,0.7
28,7,1.8,2.3,2.8,3.1,3.3,3.3,3.2,3.1,3.0,2.8,2.7,2.8,3.0,3.2,3.1,3.0,2.8,2.5,2.0,1.5,1.1,0.8,0.6,0.8,05:00,3.3,13:13,3.2,10:05,2.7,22:00,0.6
29,7,1.4,2.0,2.5,2.9,3.2,3.4,3.4,3.2,3.1,2.9,2.7,2.7,2.8,3.1,3.2,3.1,3.0,2.7,2.3,1.8,1.4,1.0,0.6,0.6,05:18,3.4,14:00,3.2,10:44,2.7,22:40,0.6
30,7,1.0,1.6,2.3,2.7,3.1,3.4,3.5,3.4,3.2,3.0,2.8,2.6,2.6,2.9,3.2,3.2,3.1,3.0,2.7,2.2,1.7,1.3,0.8,0.5,06:00,3.5,15:00,3.2,11:20,2.5,23:17,0.5
31,7,0.7,1.2,2.0,2.6,3.0,3.3,3.5,3.5,3.3,3.1,2.8,2.5,2.4,2.6,3.0,3.2,3.2,3.1,3.0,2.6,2.1,1.6,1.1,0.7,06:26,3.5,16:00,3.2,11:55,2.4,23:53,0.5
1,8,0.6,0.9,1.6,2.3,2.8,3.2,3.5,3.5,3.4,3.2,2.9,2.6,2.2,2.2,2.6,3.1,3.3,3.3,3.2,3.0,2.6,2.1,1.5,1.1,07:00,3.5,17:00,3.3,12:31,2.2,,
2,8,0.7,0.7,1.2,2.0,2.7,3.1,3.4,3.5,3.5,3.2,2.9,2.6,2.2,2.0,2.2,2.7,3.1,3.3,3.3,3.3,3.0,2.5,2.0,1.5,07:17,3.6,18:00,3.3,13:07,2.0,00:30,0.6
3,8,1.0,0.8,1.0,1.7,2.5,3.0,3.3,3.5,3.5,3.3,3.0,2.6,2.3,1.9,1.8,2.1,2.7,3.1,3.3,3.4,3.3,3.0,2.5,1.9,08:00,3.5,19:00,3.4,13:46,1.8,01:08,0.8
4,8,1.5,1.1,1.0,1.4,2.1,2.8,3.3,3.5,3.5,3.4,3.1,2.7,2.3,1.9,1.6,1.6,2.1,2.6,3.1,3.3,3.4,3.3,2.9,2.4,08:00,3.5,20:00,3.4,14:29,1.6,01:46,1.0
5,8,2.0,1.6,1.4,1.4,1.8,2.5,3.1,3.4,3.5,3.5,3.2,2.8,2.4,2.1,1.7,1.4,1.5,2.0,2.5,2.9,3.1,3.3,3.2,2.9,08:15,3.5,21:07,3.3,15:18,1.4,02:27,1.3
6,8,2.5,2.2,1.9,1.7,1.8,2.2,2.8,3.3,3.5,3.5,3.3,3.0,2.6,2.3,1.9,1.5,1.3,1.3,1.7,2.2,2.7,3.0,3.1,3.1,09:00,3.5,22:18,3.1,03:13,1.7,16:15,1.2
7,8,2.9,2.7,2.4,2.2,2.1,2.2,2.5,3.0,3.3,3.4,3.4,3.2,2.9,2.5,2.2,1.7,1.3,1.1,1.1,1.4,1.9,2.4,2.8,3.0,09:17,3.4,23:59,3.1,04:08,2.1,17:23,1.1
8,8,3.1,3.0,2.9,2.7,2.5,2.4,2.4,2.7,3.0,3.3,3.4,3.3,3.1,2.9,2.5,2.1,1.6,1.2,0.9,0.8,1.1,1.7,2.2,2.7,,,10:07,3.4,05:19,2.4,18:37,0.8
9,8,3.0,3.2,3.3,3.2,3.0,2.8,2.6,2.6,2.7,2.9,3.2,3.3,3.3,3.1,2.9,2.6,2.1,1.5,1.0,0.6,0.5,0.8,1.5,2.1,02:00,3.3,11:07,3.3,06:58,2.6,19:46,0.5
10,8,2.7,3.1,3.3,3.5,3.4,3.2,3.0,2.7,2.6,2.6,2.9,3.2,3.3,3.3,3.2,3.0,2.6,2.0,1.4,0.9,0.4,0.3,0.7,1.4,03:07,3.5,12:12,3.3,08:24,2.5,20:45,0.3
11,8,2.2,2.7,3.2,3.5,3.6,3.5,3.3,3.1,2.7,2.4,2.5,2.8,3.2,3.4,3.4,3.3,3.0,2.6,2.0,1.3,0.7,0.3,0.2,0.7,04:00,3.6,13:22,3.4,09:25,2.4,21:38,0.1
12,8,1.5,2.3,2.9,3.3,3.7,3.7,3.6,3.3,3.0,2.6,2.3,2.4,2.8,3.2,3.4,3.4,3.4,3.1,2.5,1.9,1.3,0.6,0.2,0.2,05:00,3.7,15:00,3.4,10:16,2.3,22:26,0.1
13,8,2.0,1.8,2.5,3.0,3.5,3.8,3.7,3.5,3.3,2.9,2.4,2.1,2.3,2.9,3.3,3.5,3.5,3.4,3.1,2.5,1.9,1.2,0.6,0.2,05:25,3.8,16:00,3.5,11:02,2.1,23:10,0.2
14,8,0.4,1.2,2.1,2.8,3.2,3.6,3.8,3.7,3.4,3.1,2.6,2.1,2.0,2.4,2.9,3.3,3.5,3.5,3.4,3.0,2.4,1.8,1.2,0.6,06:02,3.8,17:00,3.5,11:45,1.9,23:52,0.4
15,8,0.4,0.8,1.7,2.5,3.0,3.4,3.7,3.7,3.5,3.2,2.8,2.3,1.8,1.9,2.4,3.0,3.4,3.5,3.6,3.4,2.9,2.3,1.8,1.2,07:00,3.7,18:00,3.6,12:25,1.8,,
16,8,0.7,0.8,1.3,2.2,2.9,3.3,3.6,3.7,3.6,3.3,2.9,2.4,1.9,1.7,1.9,2.5,3.0,3.4,3.5,3.5,3.3,2.8,2.2,1.7,07:00,3.7,18:31,3.5,13:04,1.7,00:30,0.7
17,8,1.2,1.0,1.2,1.9,2.7,3.2,3.5,3.7,3.6,3.3,2.9,2.5,2.1,1.7,1.6,1.9,2.5,3.0,3.3,3.5,3.4,3.1,2.6,2.1,07:20,3.7,19:14,3.5,13:40,1.6,01:00,1.0
18,8,1.7,1.4,1.4,1.8,2.5,3.1,3.4,3.6,3.6,3.4,3.0,2.6,2.2,1.8,1.5,1.6,2.0,2.5,3.0,3.2,3.3,3.2,2.9,2.4,07:31,3.6,20:00,3.3,14:16,1.5,01:32,1.4
19,8,2.1,1.8,1.7,1.9,2.4,2.9,3.3,3.6,3.6,3.4,3.1,2.7,2.3,1.9,1.6,1.4,1.6,2.0,2.5,2.9,3.1,3.1,3.0,2.7,08:00,3.6,21:00,3.1,01:56,1.7,14:53,1.4
20,8,2.4,2.2,2.0,2.1,2.4,2.8,3.2,3.4,3.5,3.4,3.2,2.8,2.4,2.0,1.7,1.5,1.4,1.6,2.0,2.3,2.7,2.9,2.9,2.8,08:02,3.5,22:00,2.9,02:17,2.0,15:36,1.4
21,8,2.6,2.5,2.3,2.3,2.5,2.7,3.0,3.3,3.4,3.4,3.2,2.9,2.5,2.2,1.9,1.6,1.4,1.4,1.6,1.8,2.2,2.5,2.7,2.8,08:29,3.4,23:00,2.8,02:41,2.3,16:28,1.4
22,8,2.7,2.7,2.6,2.6,2.6,2.8,3.0,3.1,3.2,3.3,3.2,3.0,2.7,2.4,2.1,1.8,1.5,1.4,1.3,1.4,1.7,2.0,2.4,2.6,09:00,3.3,,,03:15,2.6,17:40,1.3
23,8,2.8,2.8,2.9,2.9,2.8,2.9,2.9,3.0,3.0,3.1,3.1,3.0,2.8,2.6,2.4,2.1,1.8,1.5,1.3,1.2,1.3,1.5,1.9,2.4,10:00,3.1,02:24,2.9,04:13,2.8,19:08,1.2
24,8,2.6,2.8,3.0,3.1,3.1,3.0,3.0,3.0,2.9,2.9,2.9,3.0,2.9,2.8,2.6,2.4,2.1,1.7,1.4,1.2,1.1,1.1,1.5,1.0,03:15,3.1,11:00,3.0,08:51,2.9,20:09,1.1
25,8,2.4,2.8,3.0,3.2,3.3,3.2,3.1,3.0,2.9,2.8,2.8,2.9,2.9,2.9,2.8,2.7,2.4,2.1,1.6,1.3,1.0,0.9,1.1,1.6,04:00,3.3,12:08,2.9,09:29,2.7,20:55,0.9
26,8,2.1,2.6,3.0,3.3,3.4,3.4,3.3,3.1,2.9,2.7,2.6,2.7,2.9,3.0,3.0,2.9,2.8,2.4,2.0,1.6,1.2,0.9,0.9,1.2,04:21,3.4,13:17,3.0,09:58,2.6,21:36,0.9
27,8,1.8,2.4,2.8,3.2,3.4,3.5,3.4,3.2,3.0,2.7,2.5,2.5,2.7,3.0,3.1,3.1,3.0,2.8,2.4,1.9,1.5,1.1,0.9,1.0,05:00,3.5,14:25,3.1,10:27,2.5,22:15,0.8
28,8,1.5,2.2,2.7,3.1,3.4,3.6,3.5,3.3,3.1,2.8,2.4,2.3,2.5,2.9,3.2,3.3,3.3,3.2,2.9,2.4,1.9,1.4,1.0,0.9,05:17,3.6,15:30,3.3,10:57,2.3,22:52,0.9
29,8,1.2,1.9,2.5,3.0,3.3,3.5,3.6,3.4,3.2,2.8,2.5,2.1,2.1,2.5,3.0,3.3,3.4,3.4,3.3,2.9,2.3,1.8,1.4,1.0,06:00,3.6,16:29,3.4,11:30,2.1,23:30,1.0
30,8,1.0,1.5,2.3,2.9,3.3,3.5,3.6,3.5,3.2,2.9,2.5,2.1,1.9,2.1,2.7,3.2,3.5,3.6,3.6,3.3,2.8,2.3,1.8,1.3,06:03,3.6,17:23,3.6,12:04,1.9,,
31,8,1.1,1.3,2.0,2.8,3.3,3.5,3.6,3.6,3.3,2.9,2.5,2.1,1.7,1.6,2.1,2.8,3.3,3.6,3.7,3.6,3.3,2.8,2.2,1.8,18:14,3.7,06:21,3.6,12:40,1.6,00:07,1.1
1,9,1.4,1.3,1.7,2.5,3.2,3.6,3.7,3.7,3.5,3.0,2.6,2.1,1.7,1.4,1.5,2.1,2.9,3.4,3.6,3.7,3.6,3.2,2.7,2.2,06:27,3.7,19:00,3.7,13:18,1.4,00:45,1.3
2,9,1.8,1.6,1.6,2.2,2.9,3.5,3.7,3.7,3.6,3.2,2.7,2.2,1.8,1.4,1.2,1.5,2.2,2.9,3.3,3.6,3.7,3.5,3.1,2.7,06:26,3.7,20:00,3.7,01:23,1.5,13:59,1.2
3,9,2.3,2.0,1.8,2.0,2.6,3.3,3.7,3.7,3.6,3.4,2.9,2.4,2.0,1.5,1.2,1.1,1.4,2.1,2.7,3.2,3.4,3.5,3.4,3.1,07:00,3.7,21:00,3.5,02:00,1.8,14:46,1.1
4,9,2.7,2.5,2.2,2.2,2.4,2.9,3.4,3.7,3.7,3.5,3.2,2.7,2.2,1.8,1.4,1.1,1.0,1.3,1.9,2.5,2.9,3.2,3.3,3.3,07:26,3.7,22:03,3.3,02:47,2.2,15:42,1.0
5,9,3.1,2.9,2.7,2.5,2.5,2.7,3.1,3.4,3.6,3.5,3.3,3.0,2.6,2.2,1.8,1.4,1.0,0.9,1.2,1.7,2.2,2.7,3.0,3.2,08:16,3.6,23:59,3.3,03:44,2.5,16:48,0.9
6,9,3.3,3.2,3.1,3.0,2.8,2.7,2.8,3.0,3.2,3.4,3.4,3.2,2.9,2.6,2.3,1.8,1.4,1.0,0.8,1.0,1.4,2.0,2.5,2.9,,,09:21,3.4,05:05,2.7,18:06,0.8
7,9,3.2,3.4,3.4,3.3,3.2,3.0,2.8,2.7,2.8,3.0,3.2,3.3,3.2,3.0,2.8,2.4,1.9,1.4,0.9,0.7,0.7,1.2,1.8,2.5,02:00,3.4,11:00,3.3,06:56,2.7,19:21,0.6
8,9,2.9,3.3,3.6,3.6,3.5,3.3,3.0,2.7,2.5,2.6,2.9,3.1,3.3,3.3,3.2,3.0,2.5,2.0,1.4,0.9,0.5,0.6,1.1,1.9,03:00,3.6,12:23,3.3,08:15,2.5,20:23,0.5
9,9,2.6,3.1,3.5,3.7,3.8,3.6,3.3,2.9,2.5,2.2,2.4,2.8,3.2,3.3,3.4,3.4,3.1,2.6,2.0,1.4,0.8,0.5,0.6,1.3,04:00,3.8,14:20,3.4,09:10,2.2,21:16,0.5
10,9,2.1,2.8,3.3,3.7,3.9,3.8,3.5,3.1,2.7,2.2,2.0,2.3,2.8,3.2,3.5,3.6,3.5,3.2,2.6,2.0,1.4,0.8,0.5,0.8,04:11,3.9,15:20,3.6,09:57,2.0,22:03,0.5
11,9,1.6,2.4,3.0,3.5,3.8,3.9,3.7,3.3,2.9,2.4,1.9,1.8,2.3,2.9,3.4,3.6,3.7,3.6,3.2,2.6,2.0,1.4,0.9,0.8,05:00,3.9,16:10,3.7,10:40,1.8,22:47,0.7
12,9,1.2,2.1,2.8,3.3,3.7,3.9,3.8,3.5,3.1,2.6,2.1,1.6,1.7,2.3,3.0,3.5,3.7,3.8,3.6,3.2,2.6,2.1,1.5,1.1,05:16,3.9,17:00,3.8,11:20,1.6,23:27,1.0
13,9,1.1,1.7,2.6,3.2,3.6,3.8,3.9,3.6,3.2,2.8,2.3,1.7,1.5,1.8,2.5,3.1,3.5,3.8,3.8,3.6,3.1,2.6,2.1,1.6,06:00,3.9,18:00,3.8,11:59,1.5,23:59,1.3
14,9,1.3,1.6,2.3,3.0,3.5,3.7,3.8,3.7,3.4,2.9,2.4,1.9,1.5,1.4,1.9,2.6,3.2,3.6,3.8,3.7,3.4,2.9,2.5,2.1,06:00,3.8,18:23,3.8,,,12:35,1.4
15,9,1.7,1.7,2.1,2.8,3.4,3.7,3.8,3.7,3.5,3.0,2.5,2.0,1.6,1.3,1.5,2.1,2.8,3.3,3.6,3.7,3.6,3.2,2.8,2.4,06:08,3.8,19:04,3.7,00:35,1.7,13:09,1.3
16,9,2.1,2.0,2.2,2.7,3.3,3.7,3.8,3.7,3.5,3.1,2.6,2.1,1.7,1.4,1.3,1.6,2.2,2.8,3.2,3.5,3.5,3.4,3.0,2.7,06:11,3.8,20:00,3.5,01:00,2.0,13:41,1.3
17,9,2.4,2.3,2.3,2.6,3.1,3.5,3.7,3.7,3.5,3.2,2.7,2.3,1.8,1.5,1.3,1.4,1.8,2.3,2.8,3.1,3.3,3.3,3.1,2.9,06:23,3.7,20:29,3.4,01:23,2.3,14:14,1.3
18,9,2.7,2.5,2.5,2.7,3.0,3.4,3.6,3.6,3.5,3.2,2.8,2.4,2.0,1.7,1.4,1.3,1.5,1.9,2.3,2.7,3.0,3.2,3.1,3.0,07:00,3.6,21:21,3.2,01:44,2.5,14:51,1.3
19,9,2.8,2.8,2.7,2.8,3.0,3.2,3.4,3.5,3.4,3.2,2.9,2.5,2.2,1.9,1.6,1.4,1.4,1.6,1.9,2.2,2.5,2.8,3.0,3.0,07:00,3.5,23:00,3.0,02:00,2.7,15:37,1.4
20,9,3.0,3.0,2.9,2.9,3.0,3.1,3.3,3.3,3.3,3.2,3.0,2.7,2.4,2.1,1.9,1.6,1.5,1.4,1.6,1.8,2.1,2.4,2.7,2.9,,,07:00,3.3,02:52,2.9,16:37,1.4
21,9,3.0,3.1,3.2,3.2,3.1,3.1,3.1,3.1,3.1,3.0,2.9,2.8,2.6,2.4,2.2,2.0,1.7,1.5,1.4,1.5,1.7,2.0,2.4,2.7,02:24,3.2,06:21,3.2,04:26,3.1,18:00,1.4
22,9,3.0,3.2,3.3,3.4,3.3,3.2,3.1,3.0,2.9,2.8,2.8,2.8,2.7,2.6,2.5,2.4,2.1,1.7,1.5,1.4,1.4,1.6,2.0,2.4,03:00,3.4,,,,,19:21,1.3
23,9,2.8,3.1,3.4,3.5,3.5,3.3,3.1,2.9,2.7,2.6,2.7,2.8,2.9,2.9,2.8,2.7,2.5,2.1,1.7,1.4,1.3,1.3,1.7,2.2,03:22,3.5,13:00,2.9,09:18,2.6,20:18,1.3
24,9,2.7,3.1,3.4,3.6,3.6,3.5,3.2,3.0,2.7,2.5,2.5,2.6,2.9,3.0,3.1,3.1,2.9,2.6,2.1,1.7,1.4,1.3,1.4,1.9,04:00,3.6,14:25,3.1,09:33,2.4,21:00,1.3
25,9,2.5,2.9,3.3,3.6,3.7,3.6,3.4,3.0,2.7,2.4,2.2,2.4,2.8,3.1,3.3,3.3,3.3,3.0,2.6,2.1,1.7,1.4,1.3,1.6,04:07,3.7,15:15,3.3,09:58,2.2,21:45,1.3
26,9,2.2,2.8,3.3,3.5,3.7,3.7,3.5,3.1,2.8,2.4,2.1,2.1,2.5,3.0,3.3,3.5,3.6,3.5,3.1,2.6,2.2,1.8,1.5,1.5,04:28,3.7,16:00,3.6,10:28,2.0,22:25,1.4
27,9,2.0,2.7,3.2,3.5,3.7,3.7,3.6,3.2,2.8,2.4,2.0,1.8,2.0,2.6,3.2,3.6,3.7,3.8,3.6,3.1,2.6,2.2,1.8,1.6,17:00,3.8,05:00,3.7,11:00,1.8,23:05,1.6
28,9,1.8,2.4,3.1,3.6,3.7,3.8,3.7,3.3,2.9,2.5,2.0,1.6,1.6,2.1,2.8,3.4,3.7,3.9,3.9,3.6,3.1,2.6,2.2,1.9,17:27,3.9,05:00,3.8,23:45,1.7,11:37,1.5
29,9,1.8,2.2,2.9,3.5,3.8,3.8,3.7,3.5,3.0,2.5,2.1,1.6,1.3,1.5,2.2,3.0,3.6,3.9,4.0,3.9,3.6,3.1,2.7,2.3,18:15,4.0,05:00,3.8,,,12:14,1.3
30,9,2.0,2.0,2.6,3.4,3.8,3.9,3.8,3.6,3.2,2.7,2.2,1.7,1.3,1.1,1.5,2.3,3.1,3.6,3.9,4.0,3.9,3.5,3.0,2.7,19:00,4.0,05:00,3.9,00:24,1.9,12:53,1.1
1,10,2.4,2.2,2.4,3.0,3.7,4.0,3.9,3.8,3.4,2.9,2.3,1.8,1.4,1.0,1.0,1.5,2.3,3.1,3.5,3.8,3.9,3.7,3.4,3.0,05:18,4.0,20:00,3.9,01:00,2.2,13:35,0.9
2,10,2.7,2.5,2.4,2.7,3.3,3.8,4.0,3.9,3.6,3.2,2.6,2.1,1.6,1.2,0.9,1.0,1.5,2.3,3.0,3.4,3.7,3.7,3.6,3.3,06:00,4.0,21:00,3.7,01:45,2.4,14:22,0.9
3,10,3.1,2.9,2.7,2.7,3.0,3.5,3.8,3.9,3.7,3.4,3.0,2.4,1.9,1.5,1.1,0.9,1.0,1.5,2.2,2.8,3.2,3.5,3.6,3.5,07:00,3.9,22:00,3.6,02:33,2.7,15:15,0.9
4,10,3.3,3.2,3.0,2.9,2.9,3.1,3.4,3.6,3.6,3.5,3.2,2.8,2.4,2.0,1.6,1.2,0.9,1.0,1.4,2.0,2.6,3.0,3.3,3.5,08:00,3.6,23:59,3.5,03:35,2.8,16:19,0.9
5,10,3.5,3.4,3.4,3.2,3.0,2.9,3.0,3.2,3.3,3.4,3.3,3.1,2.8,2.5,2.2,1.7,1.3,1.0,1.0,1.3,1.8,2.4,2.9,3.3,,,09:00,3.4,05:03,2.9,17:34,1.0
6,10,3.5,3.6,3.6,3.5,3.3,3.0,2.8,2.7,2.9,3.1,3.2,3.2,3.2,3.0,2.8,2.4,1.9,1.4,1.1,1.0,1.2,1.8,2.4,3.0,02:00,3.6,11:00,3.2,06:49,2.7,18:50,0.9
7,10,3.4,3.6,3.8,3.8,3.5,3.2,2.8,2.5,2.4,2.5,2.9,3.2,3.3,3.3,3.3,3.0,2.6,2.0,1.5,1.1,1.0,1.2,1.9,2.6,02:19,3.8,13:00,3.3,07:58,2.4,19:54,0.9
8,10,3.1,3.5,3.8,3.9,3.8,3.4,3.0,2.6,2.2,2.0,2.3,2.8,3.2,3.4,3.6,3.5,3.2,2.7,2.1,1.6,1.2,1.0,1.4,2.1,03:00,3.9,14:19,3.6,08:48,2.0,20:48,1.0
9,10,2.9,3.4,3.8,4.0,4.0,3.7,3.2,2.8,2.2,1.8,1.8,2.3,2.9,3.4,3.6,3.8,3.7,3.3,2.7,2.2,1.7,1.3,1.3,1.7,03:27,4.0,15:12,3.8,09:32,1.7,21:36,1.2
10,10,2.5,3.2,3.7,3.9,4.0,3.9,3.4,3.0,2.4,1.9,1.5,1.7,2.3,3.0,3.5,3.8,3.9,3.8,3.3,2.8,2.3,1.8,1.5,1.6,04:00,4.0,16:00,3.9,10:13,1.5,22:19,1.5
11,10,2.2,3.0,3.6,3.9,4.0,4.0,3.6,3.1,2.6,2.1,1.6,1.4,1.7,2.5,3.2,3.7,3.9,4.0,3.7,3.3,2.8,2.4,2.0,1.8,04:19,4.0,17:00,4.0,22:59,1.8,10:53,1.4
12,10,2.1,2.8,3.4,3.8,4.0,4.0,3.8,3.3,2.8,2.3,1.8,1.3,1.3,1.9,2.7,3.3,3.7,4.0,3.9,3.7,3.2,2.8,2.5,2.2,05:00,4.0,17:28,4.0,23:35,2.1,11:30,1.3
13,10,2.1,2.6,3.2,3.8,4.0,4.0,3.8,3.5,3.0,2.4,1.9,1.5,1.2,1.4,2.1,2.9,3.4,3.8,3.9,3.8,3.5,3.2,2.8,2.6,05:00,4.0,18:12,3.9,,,12:06,1.2
14,10,2.4,2.5,3.1,3.6,3.9,4.0,3.8,3.6,3.1,2.6,2.1,1.6,1.2,1.2,1.6,2.3,3.0,3.5,3.7,3.8,3.7,3.4,3.1,2.8,05:00,4.0,19:00,3.8,00:07,2.4,12:39,1.2
15,10,2.6,2.6,2.9,3.4,3.8,4.0,3.9,3.6,3.2,2.7,2.2,1.8,1.4,1.2,1.3,1.8,2.5,3.1,3.4,3.7,3.7,3.5,3.3,3.0,05:00,4.0,20:00,3.7,00:35,2.6,13:10,1.1
16,10,2.9,2.8,2.9,3.3,3.7,3.9,3.8,3.6,3.3,2.9,2.4,1.9,1.5,1.2,1.2,1.5,2.0,2.6,3.1,3.4,3.6,3.5,3.4,3.2,05:15,3.9,20:24,3.6,01:00,2.8,13:42,1.2
17,10,3.0,2.9,2.9,3.1,3.5,3.7,3.7,3.6,3.3,3.0,2.5,2.1,1.7,1.4,1.2,1.3,1.7,2.2,2.6,3.0,3.3,3.4,3.4,3.3,06:00,3.7,21:17,3.4,01:32,2.9,14:18,1.2
18,10,3.2,3.1,3.1,3.1,3.3,3.5,3.6,3.5,3.3,3.1,2.7,2.3,2.0,1.7,1.5,1.3,1.5,1.8,2.2,2.6,2.9,3.2,3.3,3.3,06:00,3.6,23:00,3.3,02:13,3.1,15:00,1.3
19,10,3.3,3.3,3.2,3.2,3.2,3.3,3.4,3.3,3.2,3.0,2.8,2.5,2.2,2.0,1.8,1.6,1.5,1.6,1.9,2.2,2.5,2.9,3.1,3.3,,,06:01,3.4,03:19,3.2,15:57,1.5
20,10,3.4,3.4,3.4,3.3,3.2,3.2,3.2,3.1,3.0,2.9,2.9,2.7,2.5,2.4,2.2,1.9,1.7,1.6,1.6,1.9,2.1,2.5,2.9,3.2,02:00,3.4,,,,,17:04,1.6
21,10,3.4,3.5,3.6,3.5,3.4,3.1,3.0,2.9,2.8,2.8,2.8,2.8,2.8,2.7,2.6,2.4,2.1,1.8,1.6,1.7,1.9,2.2,2.6,3.0,02:09,3.6,,,,,18:19,1.6
22,10,3.3,3.5,3.7,3.7,3.5,3.2,2.9,2.7,2.6,2.6,2.7,2.9,3.0,3.0,3.0,2.9,2.6,2.2,1.9,1.7,1.7,1.9,2.3,2.8,03:00,3.7,13:16,3.0,08:35,2.5,19:28,1.7
23,10,3.2,3.5,3.7,3.8,3.7,3.4,3.0,2.6,2.4,2.3,2.4,2.7,3.0,3.2,3.3,3.3,3.1,2.7,2.3,2.0,1.8,1.8,2.1,2.6,03:00,3.8,14:24,3.3,08:53,2.3,20:24,1.7
24,10,3.1,3.5,3.7,3.8,3.8,3.5,3.1,2.7,2.3,2.0,2.1,2.4,2.9,3.3,3.5,3.6,3.5,3.2,2.8,2.4,2.1,1.9,2.0,2.4,03:13,3.8,15:10,3.6,09:22,2.0,21:12,1.9
25,10,3.0,3.5,3.7,3.9,3.8,3.6,3.2,2.8,2.3,1.9,1.7,2.0,2.6,3.2,3.6,3.8,3.9,3.7,3.3,2.9,2.5,2.2,2.0,2.3,03:27,3.9,16:00,3.9,21:58,2.0,09:56,1.7
26,10,2.8,3.4,3.8,3.9,3.9,3.7,3.3,2.9,2.4,1.9,1.6,1.5,2.0,2.8,3.4,3.8,4.0,4.0,3.8,3.4,3.0,2.6,2.3,2.2,17:00,4.0,03:26,3.9,22:42,2.2,10:33,1.5
27,10,2.6,3.3,3.8,4.0,3.9,3.8,3.5,3.0,2.5,2.0,1.6,1.2,1.4,2.1,3.0,3.6,3.9,4.1,4.1,3.8,3.4,3.1,2.7,2.5,17:27,4.1,03:11,4.0,23:25,2.4,11:12,1.2
28,10,2.5,3.0,3.7,4.1,4.1,3.9,3.7,3.2,2.7,2.1,1.7,1.2,1.0,1.4,2.3,3.1,3.7,4.0,4.1,4.1,3.8,3.4,3.1,2.8,04:00,4.1,18:17,4.1,,,11:53,1.0
29,10,2.6,2.8,3.4,4.0,4.2,4.1,3.8,3.5,2.9,2.3,1.8,1.3,0.9,0.9,1.5,2.4,3.2,3.7,4.0,4.1,4.0,3.7,3.4,3.1,04:01,4.2,19:08,4.1,00:08,2.6,12:34,0.8
30,10,2.9,2.7,3.0,3.6,4.1,4.2,4.0,3.7,3.2,2.7,2.1,1.6,1.1,0.8,0.9,1.6,2.5,3.2,3.6,3.9,4.0,3.9,3.6,3.4,05:00,4.2,20:00,4.0,00:52,2.7,13:18,0.7
31,10,3.2,2.9,2.9,3.2,3.8,4.1,4.0,3.8,3.5,3.0,2.4,1.9,1.4,1.0,0.7,1.0,1.7,2.5,3.1,3.5,3.8,3.9,3.8,3.6,05:21,4.1,21:00,3.9,01:38,2.9,14:00,0.7
1,11,3.4,3.2,3.0,3.0,3.3,3.7,3.9,3.8,3.6,3.3,2.8,2.3,1.8,1.4,1.0,0.8,1.1,1.8,2.5,3.0,3.4,3.7,3.8,3.7,06:10,3.9,22:00,3.8,02:29,3.0,14:55,0.8
2,11,3.6,3.4,3.2,3.0,3.0,3.2,3.5,3.7,3.6,3.5,3.2,2.8,2.3,1.9,1.5,1.1,1.0,1.3,1.8,2.4,3.0,3.4,3.6,3.7,07:14,3.7,23:11,3.7,03:32,3.0,15:52,1.0
3,11,3.7,3.6,3.5,3.2,3.0,2.9,3.0,3.2,3.4,3.4,3.3,3.1,2.8,2.5,2.1,1.7,1.3,1.2,1.4,1.8,2.4,3.0,3.4,3.7,,,09:00,3.4,04:54,2.9,16:58,1.2
4,11,3.8,3.8,3.7,3.4,3.1,2.8,2.6,2.7,2.9,3.1,3.3,3.3,3.2,3.0,2.7,2.3,1.9,1.5,1.4,1.5,1.9,2.5,3.1,3.5,01:00,3.8,11:00,3.3,06:24,2.6,18:10,1.4
5,11,3.8,3.9,3.9,3.7,3.3,2.9,2.5,2.3,2.3,2.6,3.0,3.3,3.4,3.4,3.3,3.0,2.6,2.1,1.7,1.5,1.6,2.1,2.7,3.3,01:28,3.9,13:00,3.4,07:30,2.2,19:17,1.5
6,11,3.7,3.9,4.0,3.9,3.6,3.1,2.6,2.2,1.9,2.0,2.4,2.9,3.3,3.6,3.6,3.5,3.2,2.7,2.3,1.9,1.7,1.8,2.3,3.0,02:00,4.0,14:00,3.6,08:20,1.9,20:14,1.7
7,11,3.6,3.9,4.1,4.1,3.8,3.3,2.8,2.3,1.8,1.6,1.8,2.4,3.0,3.5,3.7,3.8,3.7,3.3,2.8,2.4,2.1,2.0,2.2,2.7,03:00,4.1,15:00,3.8,21:00,2.0,09:04,1.6
8,11,3.4,3.8,4.1,4.1,4.0,3.6,3.0,2.5,2.0,1.5,1.4,1.8,2.5,3.2,3.6,3.9,3.9,3.7,3.3,2.9,2.6,2.3,2.2,2.5,03:00,4.1,16:00,3.9,21:48,2.2,09:45,1.4
9,11,3.2,3.8,4.1,4.1,4.0,3.8,3.2,2.7,2.1,1.6,1.3,1.3,1.9,2.7,3.3,3.7,4.0,4.0,3.7,3.3,3.0,2.8,2.6,2.6,03:00,4.1,17:00,4.0,22:30,2.5,10:25,1.2
10,11,3.0,3.6,4.0,4.1,4.1,3.9,3.4,2.9,2.3,1.8,1.4,1.1,1.4,2.1,2.9,3.5,3.8,4.0,3.9,3.7,3.4,3.1,2.9,2.8,03:01,4.1,17:18,4.0,23:08,2.8,11:00,1.1
11,11,2.9,3.4,3.9,4.1,4.1,3.9,3.6,3.1,2.5,2.0,1.6,1.2,1.1,1.6,2.3,3.1,3.5,3.8,4.0,3.9,3.6,3.4,3.2,3.0,03:17,4.1,18:05,4.0,23:44,2.9,11:38,1.1
12,11,2.9,3.2,3.7,4.0,4.1,3.9,3.7,3.3,2.7,2.2,1.7,1.3,1.1,1.2,1.8,2.6,3.2,3.6,3.8,3.9,3.8,3.6,3.4,3.2,04:00,4.1,19:00,3.9,,,12:12,1.1
13,11,3.1,3.1,3.5,3.8,4.0,3.9,3.7,3.4,2.9,2.4,1.9,1.5,1.2,1.1,1.4,2.1,2.7,3.2,3.6,3.8,3.8,3.7,3.5,3.4,04:05,4.0,20:00,3.8,00:19,3.1,12:45,1.0
14,11,3.2,3.1,3.3,3.6,3.9,3.9,3.7,3.4,3.1,2.6,2.1,1.7,1.3,1.1,1.2,1.6,2.3,2.9,3.3,3.6,3.8,3.7,3.6,3.5,05:00,3.9,20:23,3.8,00:55,3.1,13:18,1.1
15,11,3.3,3.2,3.2,3.4,3.7,3.8,3.7,3.5,3.2,2.8,2.4,1.9,1.6,1.3,1.1,1.4,1.9,2.5,2.9,3.3,3.6,3.7,3.7,3.6,05:00,3.8,21:09,3.7,01:36,3.2,13:54,1.1
16,11,3.5,3.3,3.2,3.2,3.4,3.6,3.6,3.4,3.2,3.0,2.6,2.2,1.9,1.6,1.3,1.3,1.6,2.1,2.6,3.0,3.3,3.6,3.7,3.6,22:03,3.7,05:26,3.6,02:25,3.2,14:36,1.3
17,11,3.6,3.5,3.3,3.2,3.2,3.3,3.4,3.3,3.2,3.1,2.9,2.5,2.2,2.0,1.7,1.5,1.5,1.8,2.2,2.6,3.0,3.3,3.6,3.6,23:12,3.6,06:00,3.4,03:26,3.1,15:26,1.4
18,11,3.6,3.6,3.5,3.2,3.1,3.0,3.1,3.1,3.0,3.0,3.0,2.8,2.6,2.4,2.2,1.9,1.7,1.7,2.0,2.3,2.7,3.1,3.4,3.6,,,07:00,3.1,04:46,3.0,16:23,1.6
19,11,3.7,3.7,3.6,3.4,3.1,2.9,2.8,2.8,2.8,2.9,3.0,3.0,3.0,2.8,2.7,2.4,2.1,1.9,1.9,2.1,2.4,2.8,3.2,3.5,01:00,3.7,11:00,3.0,06:35,2.8,17:27,1.8
20,11,3.7,3.8,3.8,3.6,3.3,2.9,2.6,2.4,2.4,2.6,2.8,3.1,3.2,3.2,3.1,2.9,2.6,2.3,2.1,2.0,2.2,2.6,3.0,3.4,01:17,3.8,13:00,3.2,07:26,2.4,18:34,2.0
21,11,3.7,3.8,3.8,3.7,3.4,3.0,2.6,2.2,2.1,2.2,2.5,2.9,3.2,3.4,3.5,3.4,3.2,2.8,2.5,2.2,2.2,2.4,2.8,3.3,02:00,3.8,14:00,3.5,19:40,2.2,08:06,2.1
22,11,3.7,3.8,3.9,3.8,3.6,3.2,2.7,2.2,1.8,1.8,2.0,2.6,3.1,3.5,3.7,3.8,3.7,3.3,3.0,2.6,2.4,2.4,2.7,3.2,02:00,3.9,15:00,3.8,20:39,2.4,08:46,1.7
23,11,3.6,3.9,4.0,3.9,3.7,3.3,2.8,2.3,1.8,1.5,1.5,2.0,2.7,3.3,3.7,3.9,4.0,3.8,3.5,3.1,2.8,2.6,2.6,3.0,02:03,4.0,16:00,4.0,21:33,2.6,09:27,1.4
24,11,3.5,3.9,4.0,4.0,3.8,3.5,3.0,2.4,1.9,1.5,1.2,1.4,2.1,2.9,3.5,3.8,4.1,4.1,3.9,3.6,3.3,3.0,2.8,2.8,17:00,4.1,02:01,4.0,22:24,2.7,10:09,1.2
25,11,3.3,3.8,4.1,4.1,3.9,3.7,3.2,2.7,2.1,1.6,1.1,0.9,1.3,2.2,3.0,3.6,3.9,4.1,4.1,3.9,3.7,3.4,3.1,2.9,02:21,4.1,18:00,4.1,23:12,2.9,10:53,0.9
26,11,3.0,3.6,4.1,4.2,4.1,3.8,3.5,3.0,2.4,1.8,1.3,0.9,0.8,1.4,2.3,3.1,3.6,4.0,4.2,4.1,3.9,3.7,3.5,3.2,03:00,4.2,18:24,4.2,23:59,3.0,11:36,0.8
27,11,3.0,3.2,3.8,4.2,4.2,4.0,3.7,3.3,2.7,2.1,1.6,1.1,0.7,0.8,1.5,2.4,3.2,3.6,4.0,4.2,4.1,3.9,3.7,3.4,04:00,4.2,19:16,4.2,,,12:20,0.6
28,11,3.1,3.0,3.3,3.9,4.2,4.1,3.9,3.6,3.1,2.5,1.9,1.4,0.9,0.6,0.9,1.7,2.6,3.2,3.7,4.0,4.1,4.0,3.8,3.6,04:15,4.2,20:04,4.1,00:47,3.0,13:04,0.6
29,11,3.4,3.1,3.0,3.4,3.9,4.0,4.0,3.7,3.4,3.0,2.4,1.8,1.3,0.8,0.7,1.1,1.9,2.7,3.3,3.7,4.0,4.1,3.9,3.7,21:00,4.1,05:04,4.0,01:34,3.0,13:49,0.7
30,11,3.5,3.2,3.0,3.0,3.4,3.7,3.9,3.8,3.6,3.3,2.8,2.3,1.8,1.3,0.9,0.9,1.4,2.1,2.8,3.3,3.7,3.9,4.0,3.8,22:00,4.0,06:03,3.9,02:25,3.0,14:35,0.9
1,12,3.6,3.4,3.1,2.9,2.9,3.2,3.5,3.6,3.6,3.5,3.2,2.8,2.3,1.9,1.5,1.2,1.2,1.6,2.3,2.9,3.4,3.7,3.9,3.9,22:22,3.9,07:29,3.6,03:21,2.9,15:24,1.1
2,12,3.7,3.5,3.3,2.9,2.7,2.7,2.9,3.2,3.4,3.5,3.4,3.2,2.8,2.5,2.1,1.7,1.5,1.5,1.9,2.5,3.0,3.5,3.8,3.9,23:11,3.9,09:05,3.5,04:28,2.7,16:18,1.5
3,12,3.9,3.7,3.5,3.1,2.8,2.5,2.4,2.6,2.9,3.2,3.4,3.4,3.2,3.0,2.7,2.3,2.0,1.8,1.8,2.1,2.7,3.2,3.6,3.9,23:59,3.9,11:00,3.4,05:45,2.4,17:18,1.8
4,12,3.9,3.9,3.7,3.3,2.9,2.5,2.2,2.1,2.3,2.7,3.1,3.3,3.4,3.4,3.2,2.9,2.5,2.2,2.1,2.1,2.4,2.9,3.4,3.8,,,12:08,3.4,06:53,2.1,18:23,2.1
5,12,3.9,4.0,3.9,3.6,3.1,2.6,2.2,1.9,1.8,2.0,2.6,3.1,3.4,3.5,3.5,3.4,3.1,2.7,2.5,2.4,2.4,2.7,3.2,3.7,01:00,4.0,14:00,3.5,19:29,2.3,07:47,1.8
6,12,4.0,4.0,4.0,3.8,3.4,2.8,2.3,1.9,1.6,1.5,1.9,2.6,3.1,3.5,3.7,3.7,3.5,3.2,2.9,2.7,2.6,2.6,2.9,3.5,01:03,4.0,15:00,3.7,20:27,2.6,08:35,1.5
7,12,3.9,4.1,4.0,3.9,3.6,3.1,2.5,2.0,1.6,1.3,1.4,1.9,2.7,3.2,3.6,3.8,3.8,3.6,3.3,3.1,2.9,2.8,2.9,3.2,01:19,4.1,16:00,3.8,21:19,2.8,09:18,1.3
8,12,3.7,4.1,4.1,4.0,3.7,3.3,2.8,2.2,1.7,1.3,1.1,1.4,2.1,2.8,3.3,3.7,3.8,3.8,3.6,3.4,3.2,3.1,3.0,3.1,02:00,4.1,16:24,3.9,22:00,3.0,09:59,1.1
9,12,3.5,3.9,4.1,4.0,3.8,3.5,3.0,2.4,1.9,1.5,1.1,1.1,1.5,2.3,3.0,3.4,3.7,3.9,3.8,3.7,3.5,3.4,3.2,3.1,02:04,4.1,17:15,3.9,22:51,3.1,10:37,1.1
10,12,3.3,3.7,4.0,4.0,3.9,3.6,3.2,2.7,2.2,1.7,1.3,1.0,1.2,1.8,2.5,3.1,3.5,3.8,3.9,3.8,3.7,3.6,3.4,3.2,03:00,4.0,18:05,3.9,23:32,3.2,11:14,1.0
11,12,3.2,3.5,3.9,4.0,3.9,3.7,3.4,2.9,2.4,1.9,1.5,1.1,1.0,1.3,2.0,2.7,3.2,3.6,3.8,3.9,3.8,3.7,3.5,3.4,03:00,4.0,19:00,3.9,,,11:49,1.0
12,12,3.2,3.3,3.6,3.9,3.9,3.7,3.5,3.1,2.7,2.2,1.7,1.3,1.0,1.1,1.6,2.3,2.9,3.3,3.7,3.9,3.9,3.8,3.6,3.5,04:00,3.9,20:00,3.9,00:12,3.2,12:23,1.0
13,12,3.3,3.2,3.3,3.7,3.8,3.7,3.6,3.3,2.9,2.5,2.0,1.5,1.2,1.0,1.3,1.9,2.5,3.1,3.5,3.8,3.9,3.9,3.7,3.5,20:11,3.9,04:07,3.8,,3.2,12:57,1.0
14,12,3.3,3.1,3.1,3.4,3.6,3.7,3.6,3.4,3.2,2.8,2.3,1.8,1.4,1.1,1.1,1.5,2.2,2.8,3.2,3.6,3.8,3.9,3.8,3.6,21:00,3.9,05:00,3.7,01:32,3.1,13:33,1.1
15,12,3.4,3.2,3.0,3.1,3.3,3.5,3.5,3.4,3.3,3.1,2.6,2.2,1.8,1.4,1.2,1.4,1.8,2.5,3.0,3.4,3.7,3.9,3.8,3.7,21:21,3.9,06:00,3.5,02:16,3.0,14:13,1.2
16,12,3.5,3.3,3.0,2.9,3.0,3.2,3.3,3.4,3.3,3.2,3.0,2.6,2.2,1.9,1.6,1.4,1.7,2.2,2.7,3.1,3.5,3.7,3.8,3.7,22:00,3.8,07:00,3.4,03:06,2.9,14:57,1.4
17,12,3.6,3.4,3.1,2.8,2.7,2.8,3.0,3.1,3.2,3.3,3.2,3.0,2.7,2.4,2.1,1.8,1.7,2.0,2.4,2.9,3.3,3.6,3.8,3.8,23:00,3.8,09:10,3.3,04:03,2.7,15:47,1.7
18,12,3.7,3.5,3.3,3.0,2.6,2.5,2.5,2.7,2.9,3.1,3.2,3.3,3.1,2.9,2.6,2.3,2.1,2.0,2.2,2.6,3.0,3.4,3.7,3.8,23:18,3.8,11:00,3.3,05:08,2.5,16:43,2.0
19,12,3.8,3.6,3.4,3.1,2.7,2.4,2.2,2.2,2.4,2.8,3.1,3.3,3.4,3.3,3.2,2.9,2.6,2.4,2.3,2.5,2.8,3.2,3.6,3.8,23:59,3.8,12:05,3.4,17:46,2.3,06:15,2.2
20,12,3.8,3.8,3.6,3.3,2.9,2.4,2.0,1.8,1.9,2.2,2.7,3.1,3.4,3.6,3.6,3.4,3.2,2.9,2.6,2.5,2.7,3.0,3.4,3.7,,,14:00,3.6,18:57,2.5,07:17,1.8
21,12,3.9,3.9,3.8,3.5,3.1,2.6,2.1,1.7,1.5,1.6,2.1,2.7,3.2,3.5,3.8,3.8,3.7,3.4,3.1,2.9,2.7,2.8,3.2,3.6,00:23,3.9,15:00,3.8,20:11,2.7,08:10,1.5
22,12,3.9,4.0,3.9,3.7,3.4,2.9,2.3,1.8,1.3,1.1,1.4,2.0,2.7,3.3,3.7,3.9,4.0,3.8,3.5,3.3,3.1,2.9,3.0,3.4,01:00,4.0,16:00,4.0,21:16,2.9,09:00,1.1
23,12,3.8,4.0,4.0,3.9,3.6,3.2,2.6,2.0,1.5,1.0,0.9,1.3,2.1,2.8,3.4,3.8,4.0,4.1,3.9,3.7,3.5,3.2,3.0,3.1,17:00,4.1,01:18,4.0,22:12,3.0,09:49,0.9
24,12,3.6,4.0,4.1,4.0,3.8,3.5,3.0,2.4,1.8,1.2,0.8,0.7,1.3,2.2,2.9,3.5,3.9,4.1,4.1,4.0,3.8,3.5,3.2,3.0,02:00,4.1,18:00,4.1,23:04,3.0,10:36,0.7
25,12,3.2,3.7,4.1,4.1,3.9,3.7,3.3,2.8,2.2,1.6,1.0,0.6,0.7,1.4,2.3,3.0,3.5,3.9,4.2,4.2,4.0,3.8,3.5,3.1,18:26,4.2,03:00,4.1,23:53,3.0,11:23,0.5
26,12,3.0,3.3,3.8,4.1,4.0,3.9,3.6,3.2,2.6,2.0,1.4,0.8,0.5,0.8,1.6,2.5,3.1,3.6,4.0,4.2,4.1,4.0,3.7,3.4,19:13,4.2,03:20,4.1,,,12:07,0.5
27,12,3.0,2.9,3.3,3.8,4.0,4.0,3.8,3.6,3.1,2.5,1.9,1.3,0.8,0.6,1.0,1.9,2.7,3.3,3.7,4.1,4.2,4.0,3.8,3.5,20:00,4.2,04:12,4.0,00:39,2.9,12:50,0.5
28,12,3.2,2.8,2.9,3.3,3.7,3.9,3.9,3.8,3.5,3.0,2.4,1.8,1.2,0.8,0.8,1.3,2.2,2.9,3.5,3.8,4.1,4.1,3.9,3.6,20:28,4.1,05:15,3.9,01:25,2.8,13:32,0.7
29,12,3.3,2.9,2.7,2.8,3.2,3.6,3.8,3.8,3.7,3.4,2.9,2.3,1.8,1.3,1.0,1.1,1.8,2.5,3.2,3.6,3.9,4.1,3.9,3.7,21:00,4.1,07:00,3.8,02:10,2.6,14:13,1.0
30,12,3.4,3.0,2.7,2.5,2.7,3.1,3.4,3.6,3.7,3.6,3.3,2.8,2.3,1.9,1.5,1.3,1.6,2.2,2.8,3.4,3.8,4.0,4.0,3.8,21:27,4.0,08:00,3.7,02:59,2.5,14:53,1.3
31,12,3.5,3.2,2.8,2.5,2.4,2.5,2.9,3.2,3.5,3.5,3.4,3.2,2.8,2.4,2.0,1.8,1.8,2.0,2.6,3.1,3.6,3.9,3.9,3.8,22:00,3.9,09:00,3.5,03:52,2.4,15:34,1.7
